ID,Timestamp,Image_Path,Latitude,Longitude,Detection_Type,Confidence
2,2025-10-07 10:56:59,Dataset/pothole/pothole_1065.jpg,-37.760502,144.887737,pothole,0.95
3,2025-10-25 09:31:33,Dataset/pothole/pothole_1197.jpg,-37.779036,145.055043,pothole,0.95
4,2025-10-05 10:20:11,Dataset/pothole/pothole_1199.jpg,-37.812461,144.914188,pothole,0.95
5,2025-10-07 03:12:35,Dataset/pothole/pothole_1312.jpg,-37.841379,144.991153,pothole,0.95
6,2025-09-21 04:42:13,Dataset/pothole/pothole_1467.jpg,-37.759918,145.039481,pothole,0.95
7,2025-08-28 17:16:57,Dataset/pothole/pothole_1529.jpg,-37.811135,145.004121,pothole,0.95
8,2025-08-30 08:15:18,Dataset/pothole/pothole_1792.jpg,-37.802524,144.902528,pothole,0.95
9,2025-11-17 10:46:07,Dataset/pothole/pothole_272.jpg,-37.839277,144.921682,pothole,0.95
10,2025-10-29 15:33:41,Dataset/pothole/pothole_440.jpg,-37.726349,144.989456,pothole,0.95
11,2025-10-06 20:22:05,Dataset/pothole/pothole_777.jpg,-37.73639,145.007598,pothole,0.95
12,2025-09-30 17:06:34,Dataset/pothole/pothole_869.jpg,-37.738398,144.864223,pothole,0.95
14,2025-09-10 15:27:45,Dataset/cracks/043adb09ft19ef0954aac124f6b7bc27_JPG.rf.68a51e444d43a867cd7f88a5383e9d77.jpg,-37.750027,144.954638,crack,0.95
15,2025-09-17 09:16:36,Dataset/cracks/0a715f00cla45b49781453d5a6d4cba1_JPG.rf.2e97f02081a10912fd205d3509e6b34a.jpg,-37.877047,144.995839,crack,0.95
16,2025-09-15 21:57:56,Dataset/cracks/2633c1286q11a50119dc7608f46db2a6_JPG.rf.17d26a7df5ae7a369f305183d8b52a26.jpg,-37.752595,144.869396,crack,0.95
17,2025-10-28 16:04:53,Dataset/cracks/272bdc53ak91f1d1351147b4ec8b5b52_JPG.rf.7ea19bafed3e77d44a4957bc9bfa0122.jpg,-37.853223,144.933732,crack,0.95
18,2025-09-25 18:51:54,Dataset/cracks/2b97d9e14l80f57389b645e81e177d1c_JPG.rf.bf7cfd5261e1c4b393ff6782f9bd69de.jpg,-37.783392,145.022751,crack,0.95
19,2025-09-30 03:57:56,Dataset/cracks/3158320fcua3756cee8e856fd4f5dd16_JPG.rf.af176d5df848c689a5e2551c4402a804.jpg,-37.715801,145.050291,crack,0.95
20,2025-10-08 01:27:22,Dataset/cracks/3caab5adap6eade5e26f372706dabdb7_JPG.rf.9297c82f4aee7a5488759cf70a3c2595.jpg,-37.90451,145.000517,crack,0.95
21,2025-11-16 09:02:14,Dataset/cracks/3dfa3ca2as82b761ad6e8a48e7f906ef_JPG.rf.3b9dc5b6dc72ace3310537c7a3a04f6c.jpg,-37.776766,145.026202,crack,0.95
22,2025-11-20 10:56:06,Dataset/cracks/3ee5ac6d9i0be60dbe54a7d8efa402b9_JPG.rf.f17fb5bfa4515ad4c98d1b00fc10d1a0.jpg,-37.747249,145.03473,crack,0.95
23,2025-10-05 21:39:51,Dataset/cracks/45263407anf0cf57724c4a60ab0cdeaa_JPG.rf.3500cf60aeb75bcf85d0621a67e9f8d1.jpg,-37.87075,144.877491,crack,0.95
24,2025-11-05 00:09:09,Dataset/cracks/474b45815p52044ab65eacd853509e54_JPG.rf.d7dd1523f115f3675a678adbb318753e.jpg,-37.790084,145.050989,crack,0.95
25,2025-11-20 12:48:53,Dataset/cracks/4ae38c471p75f578c7eb576bbb3cdad4_JPG.rf.d47bbb6db8a01d4178da28781d1a3150.jpg,-37.905155,144.871194,crack,0.95
26,2025-09-06 18:08:17,Dataset/cracks/4c473d276qf6a4b8b270457cccfbd729_JPG.rf.0b327b2e6a792edc73699487efc0f239.jpg,-37.865886,144.914911,crack,0.95
27,2025-09-19 22:31:40,Dataset/cracks/711b031e4j309234b9cbf4426fe3733d_JPG.rf.2ead590c87218c15e3c1d930bbab7688.jpg,-37.822085,144.971001,crack,0.95
28,2025-09-14 12:09:56,Dataset/cracks/960560c9ep1168bcb37a3c3fa24a702a_JPG.rf.f60667988946c59444324d8dfd96b3fe.jpg,-37.726643,144.967717,crack,0.95
29,2025-09-03 21:31:47,Dataset/cracks/9c90e79d5o561b3f89b56245bbe8f0a8_JPG.rf.a365b9a55d09f7ed5170014def081cda.jpg,-37.798371,145.012958,crack,0.95
30,2025-10-12 17:17:37,Dataset/cracks/a75e8e6acp418ba62cde88c5a5868f0e_JPG.rf.8d6fb8109911981544ce1a13fd9fa331.jpg,-37.884941,145.053018,crack,0.95
31,2025-10-27 17:54:58,Dataset/cracks/beb9f6442g2e02a11131f77024e47a66_JPG.rf.5633aae88d3ac6e3de15e1b7f2d6aab5.jpg,-37.78156,144.996008,crack,0.95
32,2025-09-12 01:35:30,Dataset/cracks/c4a9661f5l85fe6f9fd93684eb76f745_JPG.rf.d0e6886fe3c08f5830d5581e6f490bc2.jpg,-37.874295,144.929891,crack,0.95
33,2025-11-01 19:24:23,Dataset/cracks/cb0ead80bg78fc4f9d4eba7050606297_JPG.rf.4db33b267994a22ce1d2c70daaeba5f7.jpg,-37.852417,144.947949,crack,0.95
34,2025-10-02 11:12:35,Dataset/cracks/cdff9d9d9id170baa48ce3a738c6743d_JPG.rf.23d0b32772e58e97c58d71d3d0d084c7.jpg,-37.840754,144.881395,crack,0.95
35,2025-08-31 01:57:32,Dataset/cracks/fb1f05b89la3500af6d6d02c5b6d5e80_JPG.rf.2bf9f1499a86fff933db322e6f319365.jpg,-37.716934,144.867087,crack,0.95
36,2025-09-19 09:05:24,Dataset/pothole/pothole_1008.jpg,-37.768693,145.033473,pothole,0.94
37,2025-08-30 06:48:18,Dataset/pothole/pothole_105.jpg,-37.816577,144.950159,pothole,0.94
38,2025-09-25 06:55:22,Dataset/pothole/pothole_1075.jpg,-37.857356,144.871017,pothole,0.94
39,2025-10-23 22:15:34,Dataset/pothole/pothole_1093.jpg,-37.912687,144.91626,pothole,0.94
40,2025-09-15 15:16:47,Dataset/pothole/pothole_1332.jpg,-37.861142,145.036975,pothole,0.94
41,2025-08-24 05:50:10,Dataset/pothole/pothole_1464.jpg,-37.763219,144.965565,pothole,0.94
42,2025-10-11 19:53:08,Dataset/pothole/pothole_1489.jpg,-37.752696,144.874156,pothole,0.94
43,2025-09-09 00:32:32,Dataset/pothole/pothole_1533.jpg,-37.743926,145.029658,pothole,0.94
44,2025-10-23 06:41:17,Dataset/pothole/pothole_1569.jpg,-37.867001,144.97338,pothole,0.94
45,2025-10-07 00:39:07,Dataset/pothole/pothole_1689.jpg,-37.72089,144.895394,pothole,0.94
46,2025-09-13 13:01:27,Dataset/pothole/pothole_1705.jpg,-37.735579,145.025144,pothole,0.94
47,2025-10-24 09:21:08,Dataset/pothole/pothole_1724.jpg,-37.898354,145.03328,pothole,0.94
48,2025-10-01 01:56:33,Dataset/pothole/pothole_1906.jpg,-37.785252,145.007357,pothole,0.94
49,2025-10-01 02:57:48,Dataset/pothole/pothole_1926.jpg,-37.881461,145.053637,pothole,0.94
50,2025-10-23 05:38:58,Dataset/pothole/pothole_300.jpg,-37.818428,145.012856,pothole,0.94
51,2025-09-01 11:41:49,Dataset/pothole/pothole_329.jpg,-37.881332,145.013634,pothole,0.94
52,2025-10-02 17:36:26,Dataset/pothole/pothole_389.jpg,-37.736381,144.928105,pothole,0.94
53,2025-09-23 23:03:38,Dataset/pothole/pothole_432.jpg,-37.822316,145.053813,pothole,0.94
54,2025-10-11 21:37:19,Dataset/pothole/pothole_44.jpg,-37.859171,144.902633,pothole,0.94
55,2025-09-18 04:36:58,Dataset/pothole/pothole_593.jpg,-37.876684,145.006531,pothole,0.94
56,2025-11-20 17:22:50,Dataset/pothole/pothole_638.jpg,-37.735328,145.055326,pothole,0.94
57,2025-10-15 19:19:03,Dataset/pothole/pothole_687.jpg,-37.816434,144.901986,pothole,0.94
58,2025-10-04 21:50:55,Dataset/pothole/pothole_857.jpg,-37.905907,144.988651,pothole,0.94
59,2025-09-12 20:27:09,Dataset/pothole/pothole_871.jpg,-37.835904,144.97292,pothole,0.94
60,2025-10-15 02:38:58,Dataset/pothole/pothole_897.jpg,-37.823313,144.921521,pothole,0.94
61,2025-11-01 14:24:36,Dataset/pothole/pothole_972.jpg,-37.779899,145.053216,pothole,0.94
62,2025-10-11 13:37:03,Dataset/pothole/pothole_978.jpg,-37.857862,144.900848,pothole,0.94
63,2025-10-31 06:11:56,Dataset/cracks/0577794faqf01d00dde224109f498c49_JPG.rf.98d61552ddd65d116cf0f0c3f9388b6e.jpg,-37.892063,144.935643,crack,0.94
64,2025-10-28 20:26:04,Dataset/cracks/07f6dc68es5dafec558c3048e9739bd8_JPG.rf.c75019fc0b24abe1cc44bb1a0983ae9a.jpg,-37.741748,145.001225,crack,0.94
65,2025-10-03 21:07:43,Dataset/cracks/0adeebb2ava7dadfb9b921c36092d5d0_JPG.rf.f8223dcfa33e9d52a39f7d7b83eaa701.jpg,-37.734798,145.061705,crack,0.94
66,2025-08-24 19:21:02,Dataset/cracks/0d66709bdm81b632a06de7eb277f6ad2_JPG.rf.ad30f07b447595651a9734e0e36ae805.jpg,-37.780595,145.016347,crack,0.94
67,2025-08-24 06:09:53,Dataset/cracks/1a98b58c1ia2dc7496ab41137d7768b3_JPG.rf.bb2e01c19238dda7044e04f204f2b050.jpg,-37.816628,144.928591,crack,0.94
68,2025-09-17 03:30:29,Dataset/cracks/1d6928d83jbcc07f3a55763990567e95_JPG.rf.c75b2b9f5c699e6b82f2dcd7deaef553.jpg,-37.90223,144.988113,crack,0.94
69,2025-08-26 02:09:28,Dataset/cracks/1f67aa416ve9eca01c9e8071fed042e2_JPG.rf.a971db99ad786eba54c7e6e3d1773e37.jpg,-37.747386,144.884795,crack,0.94
70,2025-11-20 11:01:59,Dataset/cracks/2a39d45capdc65d27368d43a434f5ebf_JPG.rf.2c5acd3785e42413b7a35620bbf537e8.jpg,-37.794285,144.919445,crack,0.94
71,2025-08-27 20:57:04,Dataset/cracks/3bcdeef67n1ef32c31e6c9dbdedb39af_JPG.rf.b7ab9f3659c54b484b711b85cff776f4.jpg,-37.905028,144.966621,crack,0.94
72,2025-10-11 07:54:16,Dataset/cracks/3e8eaab46g92c8f8bb836974ba26244d_JPG.rf.9627e228ab64e69b3511ded532487416.jpg,-37.720413,145.018446,crack,0.94
73,2025-09-07 14:03:29,Dataset/cracks/3ee5ac6d9i0be60dbe54a7d8efa402b9_JPG.rf.56cfe299953e3801ee64be23c3ece8fb.jpg,-37.75346,144.872642,crack,0.94
74,2025-10-04 07:50:07,Dataset/cracks/4ae81c65bu1728b3e4186ede50ec19af-1-_JPG.rf.53e70dc1d2d51c5d2dab98070e7be09e.jpg,-37.840965,144.892034,crack,0.94
75,2025-09-19 13:43:10,Dataset/cracks/52667fb63oc164b864d225943d53f228_JPG.rf.677f67e606ce47fa48a9d72427a38bcc.jpg,-37.803006,144.89543,crack,0.94
76,2025-09-07 16:22:13,Dataset/cracks/539959dc0r49931f6c700850b9a77b9b_JPG.rf.8c3bb1d478b9d36c267ff0739a1a9c10.jpg,-37.800216,144.863666,crack,0.94
77,2025-10-31 22:04:27,Dataset/cracks/5dc6767d2o83ce8fec61ae3b27e693f9_JPG.rf.81c58b826fc6254606c67435f9113884.jpg,-37.861994,145.04159,crack,0.94
78,2025-08-31 05:24:08,Dataset/cracks/5e1606f9ftfa414e7d37a2974d76f6f6_JPG.rf.973696274f32e7930dab62c9bcd333df.jpg,-37.909125,144.922933,crack,0.94
79,2025-10-10 00:48:16,Dataset/cracks/6194e6ff9qf51551e5d145f2cc4f7f84_JPG.rf.a60de6e15eb3a0bc8f17695620b3f782.jpg,-37.902328,145.043746,crack,0.94
80,2025-11-14 01:47:14,Dataset/cracks/740e4a0fak488268e8a49e67017b3043_JPG.rf.4295fc6793c6f81537e9e4dae8fc21ce.jpg,-37.797343,144.87559,crack,0.94
81,2025-08-31 02:35:54,Dataset/cracks/78ff1aec5o9ecb6bc9a5f1a02261adea_JPG.rf.8c338cf7fd22921c85e6afeeca251cef.jpg,-37.723926,144.868647,crack,0.94
82,2025-10-07 10:38:57,Dataset/cracks/7a3293e4eubf46bad42908795ffecaf0_JPG.rf.a89f6560db3dab843db3c9ad70931120.jpg,-37.831129,145.053629,crack,0.94
83,2025-10-17 12:26:15,Dataset/cracks/7f76fdbecld8b15f2514224cfd573ea4_JPG.rf.cc47f8d3feebe837b9446576740ff4a6.jpg,-37.74434,144.964724,crack,0.94
84,2025-08-24 07:11:34,Dataset/cracks/8394220d7p25159c46d806fb4e3a19f0_JPG.rf.eff9d6771f17f03b29c2550a6000d7f2.jpg,-37.77929,144.86785,crack,0.94
85,2025-08-27 04:35:52,Dataset/cracks/845d2e09an0265a16261ca44e8f685eb_JPG.rf.15777cf9312207f84af0fe78878a5364.jpg,-37.841087,144.929201,crack,0.94
86,2025-10-30 18:13:40,Dataset/cracks/8552cb9des8e6173f54ba1423044bd69_JPG.rf.c64b3b6dd04270a335c010d6c1e43a86.jpg,-37.859449,144.934274,crack,0.94
87,2025-09-08 16:45:38,Dataset/cracks/85999aeacg03dc8e3b9702fe8a758718_JPG.rf.2988e22edb5bc6d175753c96e88aa68e.jpg,-37.910602,144.971851,crack,0.94
88,2025-09-22 18:28:29,Dataset/cracks/86257ba77qfbd916189529310979b41e_JPG.rf.220b041c4e7480e10fdf1565873ffa31.jpg,-37.853628,144.943171,crack,0.94
89,2025-10-11 13:25:02,Dataset/cracks/87ea8954fq404a50bcf7bea48eb322e2_JPG.rf.77091e70ad1fef6ca70a3225b7296126.jpg,-37.824674,145.01856,crack,0.94
90,2025-10-17 03:54:12,Dataset/cracks/8d56692f8ia09261bb70478aa8fb20f7_JPG.rf.1f2d36eb8d477bbbdf98ecd171d7980a.jpg,-37.798721,144.915908,crack,0.94
91,2025-09-20 02:13:37,Dataset/cracks/94fea2202s1202498dfc967da955c2f3_JPG.rf.d6bb17fbd18d63c118378bc49451d39d.jpg,-37.856606,144.920725,crack,0.94
92,2025-10-26 05:06:55,Dataset/cracks/9a94ff6ccm807e8a99fdafc539aad28b_JPG.rf.bea93d7474e3aedf48a41c33b16bb5aa.jpg,-37.847003,144.880891,crack,0.94
93,2025-11-09 17:30:52,Dataset/cracks/a2b6e9abak2de3c96855d4fb206477e9_JPG.rf.c20acc1eef874393116792872f2868c1.jpg,-37.819515,144.891866,crack,0.94
94,2025-08-28 12:30:34,Dataset/cracks/a4826a40an915c5270382377fd104443_JPG.rf.7810454d37b4d1c992c3f2cda65581cc.jpg,-37.828619,145.020294,crack,0.94
95,2025-10-25 23:39:30,Dataset/cracks/a5d68e001h13b36907dcd6eea566b16d_JPG.rf.d121fd9f12161550e3635c0e9e96f2fb.jpg,-37.825376,145.033525,crack,0.94
96,2025-10-26 22:43:41,Dataset/cracks/b9597b5cdtd2a13c1cbead0c65c4a183_JPG.rf.e47534c71aa6cd4acf8a773cc6c39aa8.jpg,-37.869692,144.99968,crack,0.94
97,2025-09-15 04:16:21,Dataset/cracks/ba6b9a151u7bbbbe719c163ff2a94c01_JPG.rf.0ef21f8ae31639c18d2d622aefdc49e1.jpg,-37.790197,144.928145,crack,0.94
98,2025-09-29 15:34:39,Dataset/cracks/beeac61faied7bf98ff2ed3a1a801490_JPG.rf.d32460ee4da59a3ee1f07104115244c7.jpg,-37.907549,144.873767,crack,0.94
99,2025-11-02 20:31:54,Dataset/cracks/c173f1e9cs743a596ae4d6a85cd3a1c3_JPG.rf.dd41a25b1f3a419cca6c7095af827ed5.jpg,-37.84237,144.92837,crack,0.94
100,2025-09-21 23:21:24,Dataset/cracks/c4bb2e14fpfa9ec8e2806453a5bf9f18_JPG.rf.6d8710cc4c2036d22e060dc0041f1fcf.jpg,-37.764483,144.945761,crack,0.94
101,2025-10-20 21:02:19,Dataset/cracks/c7c84aa70i261561d3f3895b5033cb50_JPG.rf.8ed2e1702c5f6a3962a18c8393f2c0a6.jpg,-37.741928,144.969724,crack,0.94
102,2025-10-19 00:42:55,Dataset/cracks/cd6c09aa2ie269b4f43a3deb50b4864c_JPG.rf.bf578fccb4aa689e711cde67e02582f6.jpg,-37.840138,144.965568,crack,0.94
103,2025-09-10 06:06:53,Dataset/cracks/cd6c09aa2ie269b4f43a3deb50b4864c_JPG.rf.ef771c6988f25629203cddab317c2e4c.jpg,-37.845746,145.040405,crack,0.94
104,2025-08-26 15:47:27,Dataset/cracks/ce51d74d9k063ede537a22a3cd7bc7f3_JPG.rf.7803c2e7da0b99ddf1f3fda99b6943a1.jpg,-37.827087,144.922895,crack,0.94
105,2025-08-30 20:21:11,Dataset/cracks/d7eb6e0e7n3937eae239e3c8f38417cb_JPG.rf.43b88a0dfd18545c1315d741cda10d68.jpg,-37.764248,145.020143,crack,0.94
106,2025-10-05 03:12:57,Dataset/cracks/d886326b1l80712510acd39dc31367a4_JPG.rf.115c006cae751151a6448dcc64fdb087.jpg,-37.791514,145.044663,crack,0.94
107,2025-10-31 19:56:40,Dataset/cracks/dbbbfebe8k7cc54b40dbfc7fe2fd3d8a_JPG.rf.750fad8c18c175b9c556389ddc4615a2.jpg,-37.783551,144.920208,crack,0.94
108,2025-09-05 22:58:14,Dataset/cracks/e0aee6346ia08d741f47a18c4c323f6d_JPG.rf.6de852c9723ba5edf9e49209077dea8e.jpg,-37.78885,144.994711,crack,0.94
109,2025-11-03 12:48:18,Dataset/cracks/e310d88delc863e7a0ce7d43cec98c5d_JPG.rf.3d00abfa2ea883d4bbb9a6dbb1db7645.jpg,-37.900193,144.995847,crack,0.94
110,2025-10-26 13:09:47,Dataset/cracks/e50dfd547m4f0c4c0a42f0d79a7f3fb9_JPG.rf.bc87e66944009a4cab24603a194553fd.jpg,-37.788184,144.986391,crack,0.94
111,2025-11-12 13:36:35,Dataset/cracks/e521dd5bbobe78c2a677ea9131bd9e1c_JPG.rf.500b2f3f719938d076d0f44ed5927b3d.jpg,-37.814486,144.986557,crack,0.94
112,2025-09-27 08:09:09,Dataset/cracks/ea481c470s14f0ad7d505b2979fb8536-1-_JPG.rf.d6d5b5d24c123374ea5d91bb34671bde.jpg,-37.782622,145.031588,crack,0.94
113,2025-10-06 18:02:40,Dataset/cracks/eac1c9942j7cb133f9c122e939b50119_JPG.rf.32b858d5f50f8e2bd85ac4d7afe6ceb2.jpg,-37.895056,145.049694,crack,0.94
114,2025-11-20 07:57:08,Dataset/cracks/f103fc909h0a4150ef04b49ac660cc0b_JPG.rf.2589ed5ea959fb1b02fb92494d79a8fe.jpg,-37.87286,144.93416,crack,0.94
115,2025-11-01 22:16:44,Dataset/cracks/f59eef4a2pf379748fe7c7cf047f67ba_JPG.rf.e024ff395cffaaf5b516ddbe31aa5c49.jpg,-37.826058,145.060622,crack,0.94
116,2025-10-01 15:45:24,Dataset/pothole/pothole_1046.jpg,-37.832746,144.963028,pothole,0.93
117,2025-11-02 08:36:28,Dataset/pothole/pothole_1109.jpg,-37.741346,144.898649,pothole,0.93
118,2025-09-02 21:09:10,Dataset/pothole/pothole_1221.jpg,-37.873514,144.874147,pothole,0.93
119,2025-10-10 07:41:18,Dataset/pothole/pothole_1222.jpg,-37.853853,144.901935,pothole,0.93
120,2025-08-26 15:31:58,Dataset/pothole/pothole_1310.jpg,-37.879911,145.022109,pothole,0.93
121,2025-09-27 17:53:13,Dataset/pothole/pothole_1360.jpg,-37.811114,144.866238,pothole,0.93
122,2025-11-19 17:47:41,Dataset/pothole/pothole_1398.jpg,-37.816285,144.914017,pothole,0.93
123,2025-09-18 12:25:43,Dataset/pothole/pothole_1451.jpg,-37.87645,144.877108,pothole,0.93
124,2025-11-02 14:05:07,Dataset/pothole/pothole_1452.jpg,-37.858564,144.978745,pothole,0.93
125,2025-11-21 14:01:57,Dataset/pothole/pothole_1550.jpg,-37.750813,145.010024,pothole,0.93
126,2025-10-07 21:48:13,Dataset/pothole/pothole_1636.jpg,-37.827301,144.905702,pothole,0.93
127,2025-09-25 08:10:09,Dataset/pothole/pothole_175.jpg,-37.800054,145.037647,pothole,0.93
128,2025-09-25 04:25:53,Dataset/pothole/pothole_1857.jpg,-37.900349,144.984728,pothole,0.93
129,2025-10-18 14:43:36,Dataset/pothole/pothole_224.jpg,-37.886081,144.888123,pothole,0.93
130,2025-09-02 13:16:00,Dataset/pothole/pothole_232.jpg,-37.793852,144.983065,pothole,0.93
131,2025-10-15 16:00:44,Dataset/pothole/pothole_235.jpg,-37.910444,145.023675,pothole,0.93
132,2025-10-06 03:14:19,Dataset/pothole/pothole_277.jpg,-37.767389,144.898956,pothole,0.93
133,2025-09-16 10:10:32,Dataset/pothole/pothole_299.jpg,-37.856628,144.948801,pothole,0.93
134,2025-11-21 15:02:20,Dataset/pothole/pothole_496.jpg,-37.837757,144.955265,pothole,0.93
135,2025-10-23 10:54:58,Dataset/pothole/pothole_520.jpg,-37.842047,144.966941,pothole,0.93
136,2025-10-20 23:39:29,Dataset/pothole/pothole_753.jpg,-37.777069,144.965435,pothole,0.93
137,2025-11-01 11:04:56,Dataset/pothole/pothole_758.jpg,-37.897995,144.877365,pothole,0.93
138,2025-11-12 11:07:48,Dataset/pothole/pothole_812.jpg,-37.856357,145.008305,pothole,0.93
139,2025-10-19 16:12:36,Dataset/pothole/pothole_831.jpg,-37.71486,145.00751,pothole,0.93
140,2025-09-19 23:05:42,Dataset/pothole/pothole_859.jpg,-37.814259,145.001773,pothole,0.93
141,2025-11-03 00:23:45,Dataset/pothole/pothole_949.jpg,-37.738576,145.048305,pothole,0.93
142,2025-09-05 23:42:06,Dataset/cracks/06251086djc81ce043c810706408d12c-1-_JPG.rf.8a33f40ff7cbf27cc704631e6cb3f3bc.jpg,-37.791357,144.978639,crack,0.93
143,2025-09-10 05:31:49,Dataset/cracks/0f337a4edp7f630ea0adc31a72e5cb26_JPG.rf.400b78c06a3fc73ca1c79f8d6d8b9191.jpg,-37.716542,144.957276,crack,0.93
144,2025-08-27 17:43:41,Dataset/cracks/12688becelc61e9c44e57a250b705f1d_JPG.rf.d9fc3aafcf40852f168dd59b1ebe7461.jpg,-37.859201,144.969455,crack,0.93
145,2025-09-23 23:47:31,Dataset/cracks/18796b504n723b9954871f05130bcb5f_JPG.rf.30de459f9a665ce217cd008699829eb0.jpg,-37.735182,144.993958,crack,0.93
146,2025-10-20 17:16:35,Dataset/cracks/1fdaf1a91j95c3502d15dee73a7a8e60_JPG.rf.6e9d3e71dadefb83f48a318f35736e85.jpg,-37.805727,144.889006,crack,0.93
147,2025-09-02 11:02:43,Dataset/cracks/2031b893eq8e12f904d19fd13c8951e9_JPG.rf.b7b8bee0a6f34fa8992cf9117f1dcee9.jpg,-37.814728,145.021551,crack,0.93
148,2025-11-05 20:20:09,Dataset/cracks/209515293v69c3d375db821061cc4aa8_JPG.rf.ecdc11a2d6a198fdcb26ce74bbe5d5a9.jpg,-37.766592,144.89239,crack,0.93
149,2025-11-16 21:32:28,Dataset/cracks/2633c1286q11a50119dc7608f46db2a6_JPG.rf.e58071d5d09b7ce9c2e617084605bf96.jpg,-37.723336,145.031811,crack,0.93
150,2025-10-24 06:54:12,Dataset/cracks/28ac19154sbaf024d1301625af615c30_JPG.rf.9ac34ad279ee11e7941784113d9b354d.jpg,-37.714982,145.036241,crack,0.93
151,2025-10-15 15:51:28,Dataset/cracks/298ad5cc6g794594e9d4bb3a1c38bbd4_JPG.rf.9140052ead3615a16b4e7119fc0e0aab.jpg,-37.886391,144.94105,crack,0.93
152,2025-10-28 11:17:18,Dataset/cracks/2fbba57b4p939ab239aa89b249c5dcbc_JPG.rf.aa60f521ac232efa9e9be10c92b553b0.jpg,-37.763707,144.999903,crack,0.93
153,2025-09-18 07:11:37,Dataset/cracks/32050730fua14870b7d317e1f713634d_JPG.rf.61368540bd1e53b73a73144781bf6d46.jpg,-37.775806,144.922194,crack,0.93
154,2025-08-26 19:55:49,Dataset/cracks/340db4868m598e35556f6f817a14c8e2_JPG.rf.4557bf25680ead9fbdb39ad5f30f005a.jpg,-37.725893,144.870956,crack,0.93
155,2025-10-31 18:03:02,Dataset/cracks/393f1ca0el01ad245ad562e0ed800a67_JPG.rf.56e4feaa6af4dd0d4fe0c9649cd5370f.jpg,-37.781394,144.928403,crack,0.93
156,2025-10-23 06:19:02,Dataset/cracks/45e71d16dr5c296182797d569735a931_JPG.rf.0c7628f20083cd2fb1a2e97a1067fb5d.jpg,-37.90745,144.991921,crack,0.93
157,2025-11-11 09:33:37,Dataset/cracks/4c2514f26l656b23f5071fb2b050eee3_JPG.rf.731163de701e9448e2a77d7ff1e2fb92.jpg,-37.715804,145.033038,crack,0.93
158,2025-09-05 09:32:55,Dataset/cracks/4dc2ff57dva02de68afaee99bbfe91b9_JPG.rf.2fd57e85da1490165d919285fee9c9e3.jpg,-37.724983,144.985862,crack,0.93
159,2025-11-02 15:05:06,Dataset/cracks/4f08b8dbdld34091daf2f015496b6170_JPG.rf.02312a72de19e4dbc622cdc976dd820a.jpg,-37.86134,145.045312,crack,0.93
160,2025-11-21 16:04:20,Dataset/cracks/4f77751bfg876815f659d9200b18501b_JPG.rf.6e32ab5be6ce6f873788299c918ea815.jpg,-37.790976,144.898804,crack,0.93
161,2025-10-20 14:49:27,Dataset/cracks/52484ebe6v9e1265ebace89cd7ff48c5_JPG.rf.b3cbfa8ffe778ea0853b62bfdf54fece.jpg,-37.719011,144.959967,crack,0.93
162,2025-10-05 12:34:22,Dataset/cracks/56c528a01sb88628eae74b9bb3e6f52d_JPG.rf.0cc84d54b093b817c1cd2b717d7211a0.jpg,-37.822647,144.993282,crack,0.93
163,2025-11-21 18:02:34,Dataset/cracks/56c528a01sb88628eae74b9bb3e6f52d_JPG.rf.f21644fe01e5e099354ad903f8955e3e.jpg,-37.803952,144.895301,crack,0.93
164,2025-11-19 22:49:53,Dataset/cracks/5bfee2f0ek4c7ea161ee3c608e9a2d43_JPG.rf.7c7e25059c2c4505789c5ca14d6f70d1.jpg,-37.840798,145.06136,crack,0.93
165,2025-10-24 10:49:38,Dataset/cracks/5e9911088t0cef2d1015e9b03118449d_JPG.rf.dd8b36f2b55d9ad8df89b8c63571a575.jpg,-37.75609,144.934777,crack,0.93
166,2025-11-21 09:23:41,Dataset/cracks/650692e54m987aae40bd963cf6019f46_JPG.rf.8c8ed7fe2c47176be5f8ee00fe0eff7b.jpg,-37.764883,144.897013,crack,0.93
167,2025-08-26 13:51:26,Dataset/cracks/6b58883c6mefdecaf0a83c228aa110e5_JPG.rf.b5d3d0d719ca22f35aad278881174a87.jpg,-37.911652,145.060399,crack,0.93
168,2025-10-13 02:52:05,Dataset/cracks/6b5cbce71i0290f212c6e0c221c2d14a_JPG.rf.6f423564d7051959572239e6a39835bc.jpg,-37.7792,144.919493,crack,0.93
169,2025-08-30 13:15:40,Dataset/cracks/6df487260s1e94bbf4dcacfde97c9e1d_JPG.rf.867a5970530e2b7a520845d3ea40247d.jpg,-37.798147,144.88949,crack,0.93
170,2025-10-14 01:24:49,Dataset/cracks/70d5f229fl76beb44a69810fe58fca75_JPG.rf.9a6cc885c481f21e31f565b46118c9c3.jpg,-37.749043,145.037372,crack,0.93
171,2025-11-19 11:03:44,Dataset/cracks/74157a92eg040f0d875d28350761e7c5_JPG.rf.34b20b0e565a47aee32e0a71471099f2.jpg,-37.817591,144.955021,crack,0.93
172,2025-11-05 06:20:13,Dataset/cracks/862229daak0fa264a53699f5fb8c2880_JPG.rf.76ddad74b765fd1522c0d868650d9d75.jpg,-37.838522,144.996293,crack,0.93
173,2025-10-04 10:33:06,Dataset/cracks/88f1f2920j1b0c2590a34adb854d81a8_JPG.rf.58203049e1744718158328ace15eddf0.jpg,-37.796165,145.042294,crack,0.93
174,2025-08-25 17:35:43,Dataset/cracks/8c9707b78v7796538483a9156333be86_JPG.rf.cea4d12eb39de294484858ae79d3df8c.jpg,-37.908773,144.935567,crack,0.93
175,2025-09-13 01:03:54,Dataset/cracks/8ff8e680fsb0e7b36e491215fab424b0_JPG.rf.d4e908dede6f72442682deef963bcfa4.jpg,-37.723324,145.012749,crack,0.93
176,2025-10-01 14:32:34,Dataset/cracks/948c2eec6lec7ce127abe279e001569d_JPG.rf.9b35e3a67c178a8979c82f9ee234b758.jpg,-37.725227,145.048949,crack,0.93
177,2025-10-30 14:39:43,Dataset/cracks/956b36799k147a83f83237de245163d9_JPG.rf.ce745c70b98d2504479a0ca0aa801ccc.jpg,-37.839961,144.898718,crack,0.93
178,2025-09-28 14:45:35,Dataset/cracks/99699ddfcg155f6bf50b6b2b08a0f4c6_JPG.rf.54b3bf9a80c25f8a348ac98393acc850.jpg,-37.902281,145.023812,crack,0.93
179,2025-09-12 02:36:41,Dataset/cracks/9a407e055s9aa9a71096564c8179117a_JPG.rf.4a474232707ee2aea0da6affbc6d3bcd.jpg,-37.87049,145.018381,crack,0.93
180,2025-09-27 14:06:58,Dataset/cracks/a2060afb5ve1f762cebe4add0613cf79_JPG.rf.3476090ae375658488f30f8e216037a2.jpg,-37.90148,144.955556,crack,0.93
181,2025-09-04 16:31:27,Dataset/cracks/aaef564f1n68f787301b64845f40370d_JPG.rf.0e5ce9f3e4433e968269f8f426bc117c.jpg,-37.727562,144.959242,crack,0.93
182,2025-11-14 18:31:04,Dataset/cracks/ac01f7be5h2b8f956935dafb364721f8_JPG.rf.0c164cf10b54b28c3b25051d41aa4c52.jpg,-37.788362,145.054093,crack,0.93
183,2025-11-07 21:02:13,Dataset/cracks/af4002bdcm7b7243f1a149a97d38453e_JPG.rf.6434396ebee56a225c8c8f9abee512ba.jpg,-37.810742,144.970596,crack,0.93
184,2025-10-09 13:00:47,Dataset/cracks/afd03aa39u27348b9ad52b86cbbcc739_JPG.rf.a9836198e1c289b782055cb9916d6d7e.jpg,-37.739036,144.930786,crack,0.93
185,2025-09-03 09:52:09,Dataset/cracks/b1d178c57ub7837f1949ed3b5e457d66_JPG.rf.acabdf9c1d6ee52012ed5dfa582662a2.jpg,-37.792958,144.933964,crack,0.93
186,2025-10-14 13:10:53,Dataset/cracks/b353e601aq50c66c997a2988510c542d_JPG.rf.1937829f09dcfae83a0fb915130a25d5.jpg,-37.846053,145.055886,crack,0.93
187,2025-11-03 06:33:55,Dataset/cracks/be373bce8m2b29c380e5ad3f9afc394e_JPG.rf.1c37a6d80341755f16061080172dc57b.jpg,-37.737478,144.957982,crack,0.93
188,2025-09-18 10:52:31,Dataset/cracks/c131d1f75od14a90f9b251291a9641b0_JPG.rf.2bcc8ee6c8b57959888fede1ecb23b69.jpg,-37.714863,144.899371,crack,0.93
189,2025-09-18 03:12:04,Dataset/cracks/c4bb2e14fpfa9ec8e2806453a5bf9f18_JPG.rf.40c0f71bf8a2198983de826b296910e2.jpg,-37.888299,144.931643,crack,0.93
190,2025-10-11 14:49:57,Dataset/cracks/d9b6754ccj142a4b686b3e81cd609c86_JPG.rf.24bc55a09bced236bf94031841fa6f91.jpg,-37.903353,144.985443,crack,0.93
191,2025-08-31 23:35:35,Dataset/cracks/e0c835af5j08c4514690e988e392cb4a_JPG.rf.c3366eee713b45f805180b1f77dbe564.jpg,-37.821953,145.003959,crack,0.93
192,2025-10-26 08:46:45,Dataset/cracks/e6e20c5adq1fab8ade75b0f7ee1f95c5_JPG.rf.7276f46d483f5a50e9a69d93db168330.jpg,-37.779976,144.948727,crack,0.93
193,2025-09-14 02:25:00,Dataset/cracks/eb40a2cafq630310e629bace7bfe5f28_JPG.rf.2998213e8864c1977078c01b9cf206cc.jpg,-37.735414,144.910596,crack,0.93
194,2025-09-08 15:48:15,Dataset/cracks/ec82ed282u1f6b0cc41bc735698a4f67_JPG.rf.3787f1458c89f34a7c1f2ca0e180a278.jpg,-37.838473,144.926467,crack,0.93
195,2025-10-03 04:22:31,Dataset/cracks/ef7b017b8o679339081994aa0cdc26d8_JPG.rf.7991019e3cbfeb3616efff117533c438.jpg,-37.887856,144.878852,crack,0.93
196,2025-09-04 15:05:33,Dataset/cracks/effba3cceg4c12df5a1d404d126ddebc_JPG.rf.cc386c9a30ba14ba92ae241af025d7fb.jpg,-37.853192,144.976287,crack,0.93
197,2025-10-19 15:43:26,Dataset/cracks/f3df5b1efp507e464c8bcda0d894ba7d_JPG.rf.b5ca567b1edffb615796da44a5679a79.jpg,-37.81937,144.960106,crack,0.93
198,2025-09-06 22:47:08,Dataset/cracks/f41c0910fhf4db9ed02defec79110cb1_JPG.rf.fd98595ae5a342b48e148a9c98e500da.jpg,-37.726072,144.972285,crack,0.93
199,2025-09-14 16:41:33,Dataset/cracks/f5275cfeand0507f2622b5e8e0ccadea_JPG.rf.41e46974a1a29ef3dd70525c799d71dd.jpg,-37.877127,144.936742,crack,0.93
200,2025-10-12 06:29:32,Dataset/cracks/f6ab6eed8v443b9d2d529e6098d97f45_JPG.rf.57b0b9357fe7da5a0e5e81c98ac9a9f9.jpg,-37.888773,145.00693,crack,0.93
201,2025-10-22 08:53:53,Dataset/cracks/fd212aff1ta2971d31ac963bbfc9ae52_JPG.rf.5cfaebd0c638f0914bb58a545b5d135d.jpg,-37.89782,144.963244,crack,0.93
202,2025-08-24 10:21:52,Dataset/cracks/fd856ceabpd3716984f6f61e0052df40_JPG.rf.315ccc11bebaa14ba4765aaec104cd60.jpg,-37.841616,144.870697,crack,0.93
203,2025-10-25 23:15:58,Dataset/pothole/pothole_1000.jpg,-37.89921,145.029406,pothole,0.92
204,2025-08-26 06:17:29,Dataset/pothole/pothole_1036.jpg,-37.848305,144.926685,pothole,0.92
205,2025-10-18 07:30:10,Dataset/pothole/pothole_1181.jpg,-37.874537,144.894644,pothole,0.92
206,2025-10-04 23:24:00,Dataset/pothole/pothole_1259.jpg,-37.792562,144.871157,pothole,0.92
207,2025-11-06 09:08:54,Dataset/pothole/pothole_1315.jpg,-37.909933,144.915504,pothole,0.92
208,2025-11-15 06:27:19,Dataset/pothole/pothole_1326.jpg,-37.719562,144.991369,pothole,0.92
209,2025-08-29 17:38:32,Dataset/pothole/pothole_1373.jpg,-37.784365,145.048136,pothole,0.92
210,2025-10-31 22:22:11,Dataset/pothole/pothole_1517.jpg,-37.841534,144.959838,pothole,0.92
211,2025-09-04 05:29:58,Dataset/pothole/pothole_1707.jpg,-37.892697,145.002454,pothole,0.92
212,2025-10-19 21:54:21,Dataset/pothole/pothole_1711.jpg,-37.894991,145.053529,pothole,0.92
213,2025-10-01 09:24:30,Dataset/pothole/pothole_1764.jpg,-37.770523,144.879135,pothole,0.92
214,2025-11-16 16:14:47,Dataset/pothole/pothole_1905.jpg,-37.830499,145.051197,pothole,0.92
215,2025-10-20 06:15:04,Dataset/pothole/pothole_195.jpg,-37.749411,145.048118,pothole,0.92
216,2025-10-19 10:16:12,Dataset/pothole/pothole_274.jpg,-37.740331,144.975864,pothole,0.92
217,2025-09-24 21:38:39,Dataset/pothole/pothole_419.jpg,-37.852002,144.872893,pothole,0.92
218,2025-11-05 15:57:26,Dataset/pothole/pothole_434.jpg,-37.717088,144.908501,pothole,0.92
219,2025-08-25 00:09:36,Dataset/pothole/pothole_458.jpg,-37.880265,145.014434,pothole,0.92
220,2025-11-11 06:28:27,Dataset/pothole/pothole_493.jpg,-37.840046,145.00057,pothole,0.92
221,2025-10-17 23:37:11,Dataset/pothole/pothole_535.jpg,-37.752143,145.029815,pothole,0.92
222,2025-11-01 18:11:20,Dataset/pothole/pothole_571.jpg,-37.838613,145.000061,pothole,0.92
223,2025-11-14 18:29:26,Dataset/pothole/pothole_579.jpg,-37.887329,144.910622,pothole,0.92
224,2025-10-26 18:07:34,Dataset/pothole/pothole_581.jpg,-37.84091,145.002671,pothole,0.92
225,2025-11-08 11:53:22,Dataset/pothole/pothole_588.jpg,-37.718107,145.033437,pothole,0.92
226,2025-09-29 16:15:24,Dataset/pothole/pothole_655.jpg,-37.796511,144.889591,pothole,0.92
227,2025-09-01 13:43:24,Dataset/pothole/pothole_683.jpg,-37.847305,144.929222,pothole,0.92
228,2025-09-10 10:10:25,Dataset/pothole/pothole_696.jpg,-37.722786,144.872695,pothole,0.92
229,2025-09-11 15:42:41,Dataset/pothole/pothole_749.jpg,-37.910125,144.94626,pothole,0.92
230,2025-10-24 20:45:32,Dataset/pothole/pothole_787.jpg,-37.794826,144.931979,pothole,0.92
231,2025-11-16 01:17:24,Dataset/pothole/pothole_794.jpg,-37.885612,145.006519,pothole,0.92
232,2025-09-08 06:38:25,Dataset/pothole/pothole_896.jpg,-37.734369,144.94826,pothole,0.92
233,2025-10-05 14:04:22,Dataset/cracks/00609a792rf0e5a8f1438bccc7785248_JPG.rf.51644f002a8803e1040c6dd7449d5cea.jpg,-37.731388,145.03056,crack,0.92
234,2025-11-18 06:50:05,Dataset/cracks/03c0bd29dvcbe8de1775d04b21ebdc1b-1-_JPG.rf.a95d9dbe869b1bd49a49ef3558eb88c7.jpg,-37.806194,144.889475,crack,0.92
235,2025-11-10 01:49:18,Dataset/cracks/0577794faqf01d00dde224109f498c49_JPG.rf.6d2f1d88f6e73120fdf14a613cf26be4.jpg,-37.899631,144.930835,crack,0.92
236,2025-09-15 19:31:47,Dataset/cracks/068762659k2591ca9efe580815300fff_JPG.rf.7c4be954ea810b67921b74a18ed06caf.jpg,-37.793011,144.937819,crack,0.92
237,2025-10-10 00:10:55,Dataset/cracks/14b18ebf7nb76faf6b7fac7affeea032_JPG.rf.52d37af2ce233e8bced04c8be84c8fed.jpg,-37.739804,145.050918,crack,0.92
238,2025-11-01 00:15:28,Dataset/cracks/15e31c5dbn34b7de697922149f433fa1_JPG.rf.7c3e2301fb86a17bd5b4b09dc8c618f4.jpg,-37.822956,144.991505,crack,0.92
239,2025-11-16 08:08:45,Dataset/cracks/164311c94hb860b67210ec12df96f3e7_JPG.rf.2b945107506fd2ba27d3f67b558d68fb.jpg,-37.750831,144.993451,crack,0.92
240,2025-09-14 15:44:14,Dataset/cracks/1d4bc03dei9c86c1a1e13a8dc01e8425_JPG.rf.59dcaeed9c7992678a7446f027c88fbf.jpg,-37.873882,144.868949,crack,0.92
241,2025-09-24 05:44:47,Dataset/cracks/28b6e0c57rfbb2ff7c3fa5b62d84f6ec_JPG.rf.298c13b77849d82cfcf5173706ccc195.jpg,-37.810177,144.955748,crack,0.92
242,2025-11-03 16:35:48,Dataset/cracks/292758646mffcacb5572ccc17cde8cec_JPG.rf.c41548a90c571fa4e850ba3443cb394e.jpg,-37.805697,144.90096,crack,0.92
243,2025-10-09 18:36:43,Dataset/cracks/2cc391ef2k95df208013de4a54a0aadb_JPG.rf.7f9c70c4bd6dde2eae3f34d740cb4120.jpg,-37.774086,145.018428,crack,0.92
244,2025-10-19 01:58:24,Dataset/cracks/32762263fga55f2e5eeac00665b163f0_JPG.rf.636199d791ea856d7369f6980eb9bef6.jpg,-37.838071,144.965709,crack,0.92
245,2025-11-08 12:25:05,Dataset/cracks/32f77ebeak24034611a410c1e6104c1c_JPG.rf.769785172a1c179dac0e6e7eebf81119.jpg,-37.738208,144.978336,crack,0.92
246,2025-08-27 03:21:01,Dataset/cracks/343e95edag0d4d0d03a399669f1be939_JPG.rf.e7463e5f27d1690b864d6c60cef4ffd3.jpg,-37.824135,145.025887,crack,0.92
247,2025-10-17 18:39:17,Dataset/cracks/3a514de1btb97dbb4182fb394d20460b_JPG.rf.cffd9a6f334cf0eca8dcbaa27df1345d.jpg,-37.738232,145.00969,crack,0.92
248,2025-09-12 17:33:31,Dataset/cracks/3ae9cd866n5365e6a70e2843323f4a52_JPG.rf.d7aa65e487933c908e2f684636896c15.jpg,-37.833422,145.020607,crack,0.92
249,2025-08-26 14:47:42,Dataset/cracks/431131ff2l89b36ce41087d0ccf71f5a_JPG.rf.fa398d7c0fcc08dc97a44fc86706c6d1.jpg,-37.761692,145.018593,crack,0.92
250,2025-11-01 20:02:27,Dataset/cracks/474b45815p52044ab65eacd853509e54_JPG.rf.4dc32b3d5fe484888d8f4b22d1dc156f.jpg,-37.721363,145.059006,crack,0.92
251,2025-11-13 02:44:31,Dataset/cracks/49ae947d4j06befe518268271f6d0938_JPG.rf.094fb862d88eaf3c4aa01619c9c0c28d.jpg,-37.817218,144.921883,crack,0.92
252,2025-11-15 02:07:21,Dataset/cracks/4a3b0107fsb45862cc883fd2bc350467_JPG.rf.289f6c6126a8b38c4e790eabdfa306b7.jpg,-37.718164,144.908478,crack,0.92
253,2025-10-11 19:51:34,Dataset/cracks/4b75bdec3ta4db6d58c865204d550cbe_JPG.rf.49b3b14ddb7127238998ef0dd8d011c2.jpg,-37.873113,144.864187,crack,0.92
254,2025-10-22 22:37:49,Dataset/cracks/4c6fb0bdavc5ffdfb54d604356d0f200_JPG.rf.c30f06efa00c8e076061394fae58c16b.jpg,-37.813424,144.883914,crack,0.92
255,2025-09-14 13:19:25,Dataset/cracks/4fde35fb6g5d90c1f503b35af25c4800_JPG.rf.be6485efee47197f0c117c5a7656cc44.jpg,-37.85261,145.027611,crack,0.92
256,2025-09-23 07:47:42,Dataset/cracks/51223e6aehe1f2ae3809961dcb0cb1ab_JPG.rf.8d9a34ec9c115e79abdd1101480151cc.jpg,-37.874483,144.933033,crack,0.92
257,2025-10-12 12:15:02,Dataset/cracks/520bab87bv7f61c64ad4cd8bd59f5102_JPG.rf.2c669df7a7976ca13a86aed17f75af75.jpg,-37.836532,144.930774,crack,0.92
258,2025-10-08 12:13:08,Dataset/cracks/5ac14db66med3b45edffe5e2e55cb262_JPG.rf.ab4d6630a20b9c187ad44f858e7d577e.jpg,-37.891229,144.941565,crack,0.92
259,2025-10-31 22:23:32,Dataset/cracks/619641d9cs8109e3a1afc2a1dbd4aa23-1-_JPG.rf.0276d72375265ab85963ff4c5a2bd80c.jpg,-37.738128,145.046224,crack,0.92
260,2025-08-24 20:09:49,Dataset/cracks/6478ec8abu8d3cecd72f2dd7f187d80b-1-_JPG.rf.b504a3df50440b638cd1ec7536ddf038.jpg,-37.857258,144.994527,crack,0.92
261,2025-09-20 20:36:16,Dataset/cracks/663560a72i510481d9494a60f140e30b_JPG.rf.c329998a9aa32ff82b4989bfda1b1cd3.jpg,-37.866651,144.979168,crack,0.92
262,2025-09-29 14:41:17,Dataset/cracks/675e37b21pcbe7de7fafd21cc78dd719_JPG.rf.8143f557e946832165c4aa77fb753720.jpg,-37.896562,145.038146,crack,0.92
263,2025-08-24 06:37:48,Dataset/cracks/69f272f87k7f92a79390c981da408ca3_JPG.rf.f472fcfa527fd0a9464156617a406c64.jpg,-37.833375,145.059805,crack,0.92
264,2025-10-09 17:32:59,Dataset/cracks/6db391efbp6efa1c7fa5c149225b6bfa_JPG.rf.3deb6fe2e339b59b0eacc7ef5939e87b.jpg,-37.716673,144.88862,crack,0.92
265,2025-11-03 12:28:08,Dataset/cracks/6e27bde5agef1dd027490ef8fbdc8354_JPG.rf.f15fb8412bfa377a9ff66f7132d0ae46.jpg,-37.744412,144.991189,crack,0.92
266,2025-11-02 19:10:54,Dataset/cracks/73f7d6d4bkcac39db5faf31a1ca3239a_JPG.rf.8756c194f565cccaec8fda42a9180d13.jpg,-37.748941,145.007174,crack,0.92
267,2025-10-30 11:37:26,Dataset/cracks/78c2ffd2fic356b2c0f755935cc7b379-1-_JPG.rf.7ce873ddd93aab0fe3230498bcbfbfab.jpg,-37.875031,145.03141,crack,0.92
268,2025-10-19 00:31:27,Dataset/cracks/8552cb9des8e6173f54ba1423044bd69_JPG.rf.9a5c6b05cb054bac1b6387c8b15f48e4.jpg,-37.794298,144.955613,crack,0.92
269,2025-10-10 12:27:06,Dataset/cracks/858925784k71eaba122e091eb95adb53_JPG.rf.1283120b95324d055a82871c32cd5513.jpg,-37.747641,144.914644,crack,0.92
270,2025-10-26 17:52:33,Dataset/cracks/8bdc305edk3440305f6cd72cea2a582f_JPG.rf.5cd155f9d46a81932d7033c8ecb6f329.jpg,-37.855575,144.939239,crack,0.92
271,2025-09-28 03:54:56,Dataset/cracks/90e225704vf84e10c530f12fcb6b0623_JPG.rf.a00f7a0a4f3bd6782557ff2775119158.jpg,-37.717871,145.019346,crack,0.92
272,2025-10-04 22:51:01,Dataset/cracks/96aa99e6aoaa5fccfe6da88f892599d7_JPG.rf.f2e6d6e8c7870f8bc232ed0f9ad6c2b7.jpg,-37.817452,144.918441,crack,0.92
273,2025-09-01 23:02:51,Dataset/cracks/978f85b55n4d29f0869ee9d7917ef125_JPG.rf.1f62d5bbd2b2d6c20ed0e126253d1d7b.jpg,-37.803973,145.003232,crack,0.92
274,2025-10-13 22:37:22,Dataset/cracks/a13d239d8h1dd355f9c684d90b1b63c3_JPG.rf.662b938196e66aa657eaa30d6f5813a1.jpg,-37.761009,144.887318,crack,0.92
275,2025-08-23 09:14:01,Dataset/cracks/a1468bd9ar17b8604143fe077128c556_JPG.rf.ce87ab2f2b79e48f635022f805c85e80.jpg,-37.798921,144.918962,crack,0.92
276,2025-09-26 18:51:16,Dataset/cracks/a1c128f96q7f5f77053b7713d590aaed_JPG.rf.bdefb3eec58ea6645fed4d28b953da67.jpg,-37.797393,144.923432,crack,0.92
277,2025-09-19 19:20:36,Dataset/cracks/abc412892n933b54017ee5b1b2f6b930_JPG.rf.a99fb7923626fe2dffdf6878526f0691.jpg,-37.81826,145.033693,crack,0.92
278,2025-08-29 03:53:30,Dataset/cracks/b15d9c914l97bd162a763c93bcb0afa3_JPG.rf.298a84b4b8681c4c48d2d7eac2d43c91.jpg,-37.836575,144.898609,crack,0.92
279,2025-10-12 10:54:55,Dataset/cracks/b9daddda8o9ac887e62b350e97da9ea4_JPG.rf.e022611506fea972440bd6f40dddeb94.jpg,-37.840992,145.003322,crack,0.92
280,2025-08-30 03:24:40,Dataset/cracks/ba8ce834erf9831327e189ac568eb307_JPG.rf.3325bd0155b81b829a8234463341e769.jpg,-37.72171,144.910097,crack,0.92
281,2025-09-26 09:38:15,Dataset/cracks/bfdc7a67dgd0853caa9d61899734dfd9_JPG.rf.287df476e6e3aa8441fdca1320aba0c6.jpg,-37.726763,144.867044,crack,0.92
282,2025-10-31 16:50:47,Dataset/cracks/c52252435n9fc21c158e5c5ac2d825e6_JPG.rf.dca60c429ab1b41e7c3b9abf3e63cdf8.jpg,-37.754863,144.971537,crack,0.92
283,2025-10-28 02:34:54,Dataset/cracks/cd9f719c2qf0ff4532e0ba15d43606be_JPG.rf.2140119394eb6e34d6c0dc27f2d209b9.jpg,-37.842769,144.924826,crack,0.92
284,2025-09-18 00:56:42,Dataset/cracks/d193ce7edte322b33ba3f7495cf005a8_JPG.rf.f82e5fcf2cb144fb68b3bbafe3f1bc6e.jpg,-37.843866,144.877834,crack,0.92
285,2025-10-14 15:28:19,Dataset/cracks/d59a76674j2e385e9e6fb93f11e76209_JPG.rf.d9dc5e0fc36b717564b9e44c32663348.jpg,-37.797621,144.906107,crack,0.92
286,2025-09-29 20:11:05,Dataset/cracks/d886326b1l80712510acd39dc31367a4_JPG.rf.00c460879b4604ae1dd2028eff336d33.jpg,-37.891559,144.879873,crack,0.92
287,2025-08-24 07:45:44,Dataset/cracks/d9b857812q42d31f6368ae2b5330aac0-1-_JPG.rf.3f605fe1313f652999dbe1106e4e31b4.jpg,-37.773288,145.037752,crack,0.92
288,2025-11-11 00:01:08,Dataset/cracks/d9d03aa29g91efb470c9e2fc3e84dac9_JPG.rf.48e9b1ee7774ebb3ebf5179a83ca79e5.jpg,-37.765126,144.958237,crack,0.92
289,2025-11-16 21:06:15,Dataset/cracks/dd5b201e6l0d17f212502e2a3bec5b4f-1-_JPG.rf.f7ceb1e0fe46dd8e8c0e6057932a1ba9.jpg,-37.826818,144.94045,crack,0.92
290,2025-10-14 02:57:11,Dataset/cracks/ee701bc62g43dc94b8c9e2d94cc48a90_JPG.rf.c798fb671027fd0b2f2ab33c825ff9f5.jpg,-37.753743,144.899975,crack,0.92
291,2025-09-25 08:45:44,Dataset/cracks/f103fc909h0a4150ef04b49ac660cc0b_JPG.rf.e35b0c5283d8a82b8589eabbb71bab26.jpg,-37.908164,144.932965,crack,0.92
292,2025-10-15 12:03:31,Dataset/cracks/f2511dd9bk6904f24ee391b5d9620d47_JPG.rf.a1facf6d01c6a03073b35a3668510b15.jpg,-37.842769,144.976955,crack,0.92
293,2025-11-11 14:34:59,Dataset/cracks/f6ab6eed8v443b9d2d529e6098d97f45_JPG.rf.861040501745b14b9a2b5049b1604fdd.jpg,-37.779835,144.929981,crack,0.92
294,2025-09-09 12:52:52,Dataset/cracks/fc7e41993m1da51ab97756d7241eaa62-1-_JPG.rf.f0d75960d92b7f3eb2ac87cf25bdc7b3.jpg,-37.864011,145.052381,crack,0.92
295,2025-11-07 01:23:26,Dataset/pothole/pothole_1040.jpg,-37.738423,144.877958,pothole,0.91
296,2025-10-27 20:38:54,Dataset/pothole/pothole_1192.jpg,-37.881699,144.961172,pothole,0.91
297,2025-09-08 20:49:41,Dataset/pothole/pothole_1225.jpg,-37.903698,144.972245,pothole,0.91
298,2025-09-02 05:42:50,Dataset/pothole/pothole_1237.jpg,-37.807743,145.050223,pothole,0.91
299,2025-10-04 12:11:03,Dataset/pothole/pothole_1272.jpg,-37.839156,145.015583,pothole,0.91
300,2025-10-04 20:13:11,Dataset/pothole/pothole_1278.jpg,-37.731816,144.950953,pothole,0.91
301,2025-10-19 02:24:01,Dataset/pothole/pothole_1324.jpg,-37.718199,144.971476,pothole,0.91
302,2025-09-24 16:16:17,Dataset/pothole/pothole_1354.jpg,-37.741396,145.052526,pothole,0.91
303,2025-09-18 18:56:01,Dataset/pothole/pothole_1377.jpg,-37.886085,144.972655,pothole,0.91
304,2025-10-02 18:45:52,Dataset/pothole/pothole_1425.jpg,-37.851534,145.018397,pothole,0.91
305,2025-11-20 15:57:23,Dataset/pothole/pothole_1501.jpg,-37.816427,145.025364,pothole,0.91
306,2025-09-24 14:04:54,Dataset/pothole/pothole_1513.jpg,-37.78241,144.876225,pothole,0.91
307,2025-10-31 10:22:53,Dataset/pothole/pothole_1547.jpg,-37.718164,144.898699,pothole,0.91
308,2025-11-20 04:02:45,Dataset/pothole/pothole_1561.jpg,-37.811999,145.042087,pothole,0.91
309,2025-09-15 23:02:48,Dataset/pothole/pothole_1581.jpg,-37.81164,144.972488,pothole,0.91
310,2025-09-19 03:05:35,Dataset/pothole/pothole_1593.jpg,-37.737461,145.054085,pothole,0.91
311,2025-10-05 07:08:27,Dataset/pothole/pothole_1649.jpg,-37.727366,145.049262,pothole,0.91
312,2025-09-05 21:17:05,Dataset/pothole/pothole_1721.jpg,-37.830097,144.867739,pothole,0.91
313,2025-09-24 03:05:06,Dataset/pothole/pothole_1746.jpg,-37.901163,145.036942,pothole,0.91
314,2025-10-19 23:22:06,Dataset/pothole/pothole_1848.jpg,-37.887019,144.964915,pothole,0.91
315,2025-09-26 13:30:17,Dataset/pothole/pothole_1884.jpg,-37.771667,144.916359,pothole,0.91
316,2025-09-08 22:13:31,Dataset/pothole/pothole_1891.jpg,-37.834081,145.050592,pothole,0.91
317,2025-09-03 15:57:05,Dataset/pothole/pothole_1915.jpg,-37.856415,145.02142,pothole,0.91
318,2025-09-09 06:01:36,Dataset/pothole/pothole_1949.jpg,-37.758129,144.874986,pothole,0.91
319,2025-09-12 03:46:26,Dataset/pothole/pothole_1963.jpg,-37.897403,144.956595,pothole,0.91
320,2025-10-29 16:15:39,Dataset/pothole/pothole_238.jpg,-37.849008,144.870777,pothole,0.91
321,2025-09-02 23:18:58,Dataset/pothole/pothole_28.jpg,-37.770263,145.056307,pothole,0.91
322,2025-11-03 01:15:02,Dataset/pothole/pothole_321.jpg,-37.817356,145.012275,pothole,0.91
323,2025-10-07 11:26:19,Dataset/pothole/pothole_349.jpg,-37.789037,144.946031,pothole,0.91
324,2025-09-25 15:59:08,Dataset/pothole/pothole_453.jpg,-37.732253,144.899792,pothole,0.91
325,2025-09-05 04:36:07,Dataset/pothole/pothole_463.jpg,-37.727235,144.979941,pothole,0.91
326,2025-10-07 21:07:48,Dataset/pothole/pothole_671.jpg,-37.862635,144.94877,pothole,0.91
327,2025-09-30 16:03:17,Dataset/pothole/pothole_673.jpg,-37.866027,144.926621,pothole,0.91
328,2025-10-23 11:01:31,Dataset/pothole/pothole_903.jpg,-37.825029,144.955506,pothole,0.91
329,2025-10-02 19:41:22,Dataset/pothole/pothole_966.jpg,-37.791731,145.020875,pothole,0.91
330,2025-11-05 12:21:42,Dataset/pothole/pothole_991.jpg,-37.83368,144.927517,pothole,0.91
331,2025-11-10 23:10:59,Dataset/cracks/0d7e898dfgdb8371e3513922cfe12f7a_JPG.rf.1aa713c5da29dda2b8e940a70a5e66a2.jpg,-37.727663,144.999066,crack,0.91
332,2025-08-28 21:19:37,Dataset/cracks/17a5b461aqded1961e6e11200d481162_JPG.rf.f4114f243ec82f34b994486569694005.jpg,-37.729045,144.863564,crack,0.91
333,2025-08-24 04:18:43,Dataset/cracks/185ba1429uf7b3208d80230b4a957878_JPG.rf.0a496b425584308bd93f22238533f6dc.jpg,-37.892014,144.958345,crack,0.91
334,2025-09-07 12:41:05,Dataset/cracks/1a19a491aia3cfd1f0725968a6c74f6b_JPG.rf.d9bfd0a82bb5940352f0fa0ee086db4d.jpg,-37.888889,145.026444,crack,0.91
335,2025-09-18 16:52:28,Dataset/cracks/1b38347c1meb5bb326723ffe32046436_JPG.rf.f9bdd8c43f387b0ba4249e6dbdedaf51.jpg,-37.889174,144.934046,crack,0.91
336,2025-10-30 18:41:33,Dataset/cracks/1d0bfe2e0l0e22d384e6a1b33dfcf1aa_JPG.rf.ecf24bd313e7d2a0f273a6bb1df51293.jpg,-37.881824,144.977751,crack,0.91
337,2025-11-07 08:56:47,Dataset/cracks/22c50c760v6115eb67f35b634989cd1e_JPG.rf.fc9b87a5ba44fd1cd0fece3b382c5e0b.jpg,-37.798601,144.869222,crack,0.91
338,2025-09-13 22:33:43,Dataset/cracks/25c3224a8o43f8c46a44da16f2716e47-1-_JPG.rf.2a38d7473bc6ec239f41a6025e7e31e9.jpg,-37.781987,145.02868,crack,0.91
339,2025-09-05 07:10:32,Dataset/cracks/25fe173aaq1aae63a0d4f7ada9567c30_JPG.rf.008cba86b478b0ca9b223be4d4905964.jpg,-37.816268,144.943037,crack,0.91
340,2025-10-29 04:54:24,Dataset/cracks/2cc391ef2k95df208013de4a54a0aadb_JPG.rf.83497c9b0fa1eb2d8be1f53439dfd025.jpg,-37.808116,144.869071,crack,0.91
341,2025-09-25 21:23:43,Dataset/cracks/393f1ca0el01ad245ad562e0ed800a67_JPG.rf.8cf0b5bf8567db8c390e262c45a3ec34.jpg,-37.764631,144.870551,crack,0.91
342,2025-10-09 07:43:49,Dataset/cracks/3e8eaab46g92c8f8bb836974ba26244d_JPG.rf.c2b7f7c01dc1222a21afab9b828dc658.jpg,-37.742599,144.959913,crack,0.91
343,2025-09-25 07:57:48,Dataset/cracks/44dfc5434gb4e8b67cba46a076d31cd7_JPG.rf.b679cf1228535376a883bd7c3be2e10f.jpg,-37.814048,144.945417,crack,0.91
344,2025-09-23 01:25:18,Dataset/cracks/4bff388ebh666e8be18b00bedd371dd7_JPG.rf.d13e4c47f5fd7692d4313b71a90dae7a.jpg,-37.781001,144.877063,crack,0.91
345,2025-09-11 16:23:43,Dataset/cracks/4fde35fb6g5d90c1f503b35af25c4800_JPG.rf.35f722d7a4f4a636c2487b9bbb515690.jpg,-37.761195,144.97581,crack,0.91
346,2025-10-14 23:53:21,Dataset/cracks/5e214bcd8lf93366cd1fb5b43866b9f1_JPG.rf.39a0cbf5c97cc3309cd241bcbac7f73a.jpg,-37.732257,144.908974,crack,0.91
347,2025-10-26 23:19:47,Dataset/cracks/5e9911088t0cef2d1015e9b03118449d_JPG.rf.28ba671075e78d83faa4203b7b6c2c20.jpg,-37.808217,145.051328,crack,0.91
348,2025-10-13 07:02:04,Dataset/cracks/6027e90f9i56d2d8e6f0099ec1e4e71a_JPG.rf.0c1ae21bbf77ea2fab83e9eeafbf0e06.jpg,-37.81555,144.930242,crack,0.91
349,2025-10-25 19:03:02,Dataset/cracks/609e80fedqa4d96cfd5c4d1084ad653c_JPG.rf.053878d4aef5dd14f297f7fd3a1226ed.jpg,-37.893091,144.98103,crack,0.91
350,2025-10-25 23:05:06,Dataset/cracks/632e1309ap596d1a4e74aaeb6ed9ae09_JPG.rf.5a81f683321a645f964e8a1615f1372a.jpg,-37.740184,144.867043,crack,0.91
351,2025-09-01 17:33:14,Dataset/cracks/649d5f4cfoc86784c8700df709f9a5d4_JPG.rf.9ae2f004a688630c2b41bbb89ee2bdef.jpg,-37.852944,145.044986,crack,0.91
352,2025-10-17 07:40:51,Dataset/cracks/6a508243eh7497c9f11fa3543681ee76_JPG.rf.aacfe168a9a95dadf6a95e4d0364fdda.jpg,-37.882849,144.982596,crack,0.91
353,2025-08-30 15:24:54,Dataset/cracks/6ef38af8et0cd02347a2c08296fee8d7_JPG.rf.8438f44f677417e28fe32449fb0c4d7f.jpg,-37.77257,145.018348,crack,0.91
354,2025-10-07 12:15:18,Dataset/cracks/88b1c9759v8b1ece8b2b12df60f3e7f6_JPG.rf.897a25d8d24f8ddad9caf4f27b08709c.jpg,-37.830184,144.96358,crack,0.91
355,2025-09-02 04:04:19,Dataset/cracks/93f1449c8tb1b81ef5f19a3a1b894efe_JPG.rf.b1645313f811e36510f1984a29688da7.jpg,-37.882081,145.050612,crack,0.91
356,2025-08-26 16:57:57,Dataset/cracks/948c2eec6lec7ce127abe279e001569d_JPG.rf.3c0dcfd61eeb4dee2cc7bbd8b303a8a7.jpg,-37.873265,144.86662,crack,0.91
357,2025-10-22 05:55:27,Dataset/cracks/978f85b55n4d29f0869ee9d7917ef125_JPG.rf.96daee7a16671a1a7ad21725b25f6cf1.jpg,-37.85263,145.055898,crack,0.91
358,2025-09-05 20:45:06,Dataset/cracks/9a6df4ef6n736aa32ccb3be22775557f_JPG.rf.5d1a582a76ec11836a614dd1f964f6f7.jpg,-37.818818,144.892975,crack,0.91
359,2025-09-09 02:40:54,Dataset/cracks/9d2e9be35v10e04bb3c531688aa15425_JPG.rf.e8ce953950ac71bd7467e4342477ea34.jpg,-37.738171,144.968008,crack,0.91
360,2025-08-25 15:57:50,Dataset/cracks/9d8caca34p65ff85b6db733b26f3c121_JPG.rf.6f6fa0af7b98926d56622c3ed29ff92d.jpg,-37.793643,144.92139,crack,0.91
361,2025-09-11 17:18:01,Dataset/cracks/9e1cec69bn1a691f47cb0e7b91791e6c_JPG.rf.fdae2dd29be067c5a093b617de3c38f5.jpg,-37.824622,144.869335,crack,0.91
362,2025-10-06 04:04:55,Dataset/cracks/a24a3618ft2701c7c9b0dc35d2ebf75e_JPG.rf.3629948d23ed09c5a14410a4c283f569.jpg,-37.832485,145.032705,crack,0.91
363,2025-10-27 07:09:46,Dataset/cracks/b165b5423q49e049cbbcc697e38cf0e0_JPG.rf.2b431bba2b2efb3b6b9959775b47e3b5.jpg,-37.742328,144.902628,crack,0.91
364,2025-09-14 11:32:17,Dataset/cracks/b353e601aq50c66c997a2988510c542d_JPG.rf.2f7253ef055c7d8106807e7347b83050.jpg,-37.903629,144.943586,crack,0.91
365,2025-10-04 20:25:47,Dataset/cracks/b454ae098tdbe8edb934e11a6288cbcf_JPG.rf.96004a7b850c8935df122674eac9aef9.jpg,-37.721852,144.99735,crack,0.91
366,2025-08-23 11:22:09,Dataset/cracks/b777d1cf0k576af8d921b66a85ed6df8_JPG.rf.90c2fbacbcd3345d3a6d75169867f1e2.jpg,-37.891689,144.870051,crack,0.91
367,2025-09-12 04:34:50,Dataset/cracks/baa21f684qf2c0b0e005c0d15cca1420_JPG.rf.6cff95b60e04557e867ae90d7be1cd7e.jpg,-37.766969,144.959217,crack,0.91
368,2025-09-05 18:03:01,Dataset/cracks/beb9f6442g2e02a11131f77024e47a66_JPG.rf.8789cac1b87a50604c26540ef2322e7c.jpg,-37.722583,144.885103,crack,0.91
369,2025-09-12 20:49:57,Dataset/cracks/c18f52068p3db16ca0a841d10e56e870_JPG.rf.96b5510f34e2bf55dc4654cd298182d7.jpg,-37.753074,144.931007,crack,0.91
370,2025-09-27 23:45:55,Dataset/cracks/c22b9bbf4l23d2b3c33b522ea4068184_JPG.rf.d023c500b88685d602d0dea3cfe517ed.jpg,-37.738098,145.022286,crack,0.91
371,2025-10-31 08:30:22,Dataset/cracks/cbb665d2evd407b84d1df386e37a3d3a_JPG.rf.1edb5754ebf4c76ad5d65b4f9f7422f2.jpg,-37.871228,144.89907,crack,0.91
372,2025-10-23 19:08:21,Dataset/cracks/cee1fba0dh7548f042041e384692e140_JPG.rf.037f5b63293ce5e9fb14bb51116c1266.jpg,-37.785134,144.94239,crack,0.91
373,2025-09-16 03:12:29,Dataset/cracks/d7bd7fcacs2f0d354685ee591432ac78_JPG.rf.f30d476c930ddbe213ce33d45bf9b271.jpg,-37.801021,144.926869,crack,0.91
374,2025-10-23 07:53:00,Dataset/cracks/e2543a6a4tf2fb4d66bb0bedd7fbacb4-1-_JPG.rf.cb10073996e47f607f2f37d837532b58.jpg,-37.824303,144.896739,crack,0.91
375,2025-09-09 01:57:52,Dataset/cracks/e2de1a091k2d4afec2d7a75410d7d736_JPG.rf.558fd935509538fe7872713fb0f5b323.jpg,-37.907317,145.02873,crack,0.91
376,2025-09-17 15:08:05,Dataset/cracks/e64b1ceb4t9b53ed58feba23160c7986_JPG.rf.0095994a44b5f877507f77e840371c8c.jpg,-37.905708,144.969348,crack,0.91
377,2025-09-01 17:34:45,Dataset/cracks/f36b27c42i48d875d3add122d9c4721b-1-_JPG.rf.72e0769ea85c8f683c5b0a688d76eba2.jpg,-37.798941,144.902108,crack,0.91
378,2025-10-10 03:42:49,Dataset/cracks/f914fe296n9edac3fc9df75d877e1ea5_JPG.rf.30768a22a51087337c7c2fd44e437d3a.jpg,-37.892671,144.925814,crack,0.91
379,2025-11-17 03:03:42,Dataset/pothole/pothole_1158.jpg,-37.793966,144.914018,pothole,0.9
380,2025-10-18 15:58:36,Dataset/pothole/pothole_1201.jpg,-37.768316,145.002939,pothole,0.9
381,2025-09-29 22:26:10,Dataset/pothole/pothole_1268.jpg,-37.806181,145.038034,pothole,0.9
382,2025-09-01 23:42:03,Dataset/pothole/pothole_1283.jpg,-37.851954,144.934479,pothole,0.9
383,2025-09-16 22:36:39,Dataset/pothole/pothole_1366.jpg,-37.755044,144.870243,pothole,0.9
384,2025-09-26 13:12:21,Dataset/pothole/pothole_139.jpg,-37.791178,144.867494,pothole,0.9
385,2025-11-01 22:59:20,Dataset/pothole/pothole_1445.jpg,-37.726278,144.87025,pothole,0.9
386,2025-10-04 01:36:07,Dataset/pothole/pothole_153.jpg,-37.777991,145.006958,pothole,0.9
387,2025-09-07 16:30:22,Dataset/pothole/pothole_1568.jpg,-37.754496,144.943616,pothole,0.9
388,2025-09-18 09:25:41,Dataset/pothole/pothole_158.jpg,-37.781332,145.016915,pothole,0.9
389,2025-09-26 12:07:37,Dataset/pothole/pothole_1774.jpg,-37.883676,144.945197,pothole,0.9
390,2025-11-09 03:02:35,Dataset/pothole/pothole_1790.jpg,-37.9085,144.969902,pothole,0.9
391,2025-10-02 18:16:56,Dataset/pothole/pothole_1855.jpg,-37.772388,145.022097,pothole,0.9
392,2025-11-20 09:51:59,Dataset/pothole/pothole_1940.jpg,-37.834794,145.051029,pothole,0.9
393,2025-10-01 06:16:24,Dataset/pothole/pothole_249.jpg,-37.716791,144.89416,pothole,0.9
394,2025-11-18 18:17:48,Dataset/pothole/pothole_394.jpg,-37.835504,145.006223,pothole,0.9
395,2025-09-23 21:29:06,Dataset/pothole/pothole_508.jpg,-37.837545,144.918026,pothole,0.9
396,2025-10-20 08:34:03,Dataset/pothole/pothole_632.jpg,-37.825972,144.979886,pothole,0.9
397,2025-10-25 01:59:34,Dataset/pothole/pothole_728.jpg,-37.785136,144.90498,pothole,0.9
398,2025-08-23 05:56:02,Dataset/pothole/pothole_830.jpg,-37.784247,144.98047,pothole,0.9
399,2025-11-12 07:02:36,Dataset/pothole/pothole_92.jpg,-37.899274,145.016361,pothole,0.9
400,2025-10-22 20:01:27,Dataset/pothole/pothole_930.jpg,-37.800628,144.868687,pothole,0.9
401,2025-11-21 11:59:01,Dataset/pothole/pothole_933.jpg,-37.884914,144.969861,pothole,0.9
402,2025-11-04 20:36:38,Dataset/pothole/pothole_953.jpg,-37.906127,145.061351,pothole,0.9
403,2025-11-17 23:48:31,Dataset/cracks/07f6dc68es5dafec558c3048e9739bd8_JPG.rf.45e35beb1313d4f0f31b3c6ba7e746de.jpg,-37.752566,144.977237,crack,0.9
404,2025-08-28 18:08:51,Dataset/cracks/1604e3866m9f7da45d315577ca796f50_JPG.rf.450f1ee90762796a4418e9bc64b3e797.jpg,-37.732195,144.866321,crack,0.9
405,2025-10-28 06:21:29,Dataset/cracks/1a24b3a05h7ca61bfac9b567f2840445_JPG.rf.08572a8890a267439241a05a3f44e4e3.jpg,-37.78165,145.04018,crack,0.9
406,2025-09-11 22:11:09,Dataset/cracks/228f10884ja833c532da0b61b290f22a_JPG.rf.e44e51d78806b18ba811f98d5b9bcabf.jpg,-37.781177,144.979347,crack,0.9
407,2025-10-12 07:06:41,Dataset/cracks/27b6d740cuc3b987010a0d026625ba33_JPG.rf.f5e41bbd417644331f8921e49eefe915.jpg,-37.857647,145.059411,crack,0.9
408,2025-09-10 15:27:07,Dataset/cracks/321eeaeccpe31e59b3151b3d4a838b87_JPG.rf.275516f9a76a98f2ee54637c2156941f.jpg,-37.763261,144.942021,crack,0.9
409,2025-10-01 06:48:56,Dataset/cracks/333fff55are25a4b64471dd4059749f7_JPG.rf.d7127004b551aed875a1fc6c64861d2d.jpg,-37.75886,144.949094,crack,0.9
410,2025-09-01 22:36:55,Dataset/cracks/349ca0bedk4a36d63dd005026f16dcf9_JPG.rf.bbadecfd41af25d26524395560743043.jpg,-37.899233,145.025273,crack,0.9
411,2025-09-11 23:06:49,Dataset/cracks/384efb296sb4fbf586fdf9adf88c0ba4_JPG.rf.37503cd17b3774f180699d27eaffcdb7.jpg,-37.759408,144.948643,crack,0.9
412,2025-09-19 08:29:50,Dataset/cracks/384efb296sb4fbf586fdf9adf88c0ba4_JPG.rf.9480de17e8629e2afa30ca0511bfdb79.jpg,-37.766508,145.04099,crack,0.9
413,2025-10-17 03:22:37,Dataset/cracks/42863e4e4j83dd7a78ef087deeb8241e_JPG.rf.b8df229a55ab20495f2b1cba1d489723.jpg,-37.906753,145.037427,crack,0.9
414,2025-09-15 23:36:33,Dataset/cracks/4399f1c44u73902a8dbee04304f46e80_JPG.rf.2592e311461ea513628a69679da53f30.jpg,-37.838846,145.013263,crack,0.9
415,2025-10-07 10:38:25,Dataset/cracks/475f215f4n565a0f87f32b0b7b3044c0_JPG.rf.c78846223c686e2910ebd16264613d8e.jpg,-37.870473,145.003151,crack,0.9
416,2025-11-06 10:10:32,Dataset/cracks/4a183d3c9i1edabf108db5494e6989c4_JPG.rf.0ec674dd79cd287387478ad6b8ac69e4.jpg,-37.721541,144.863505,crack,0.9
417,2025-08-27 21:10:56,Dataset/cracks/4a183d3c9i1edabf108db5494e6989c4_JPG.rf.b114607f77e37647bbacbc8ae9666f36.jpg,-37.753162,144.93931,crack,0.9
418,2025-09-05 01:41:38,Dataset/cracks/4a604dec0n247718ea80dc2b057a5526_JPG.rf.a978c9e89e121f7270622701a30f27de.jpg,-37.812277,145.000531,crack,0.9
419,2025-09-28 00:31:28,Dataset/cracks/57f2308d6md7c06164e436acdf48b19d_JPG.rf.d80b4ed793e4ba886121414c8038bcbc.jpg,-37.735325,144.965086,crack,0.9
420,2025-11-09 04:18:56,Dataset/cracks/5cf402fache3fed89aab786976f00d92_JPG.rf.21725e4e9cfb3077872c4d9faceb9b84.jpg,-37.789122,144.891101,crack,0.9
421,2025-08-30 02:30:25,Dataset/cracks/5ebf3306bg22d970d8d04bd3c2294fef_JPG.rf.bdd6b496ab7ee38de9afd7f12c011c5d.jpg,-37.836081,144.973869,crack,0.9
422,2025-09-06 05:38:14,Dataset/cracks/6434294b8q5b44aca401f41786a08905_JPG.rf.2be19049f78aff0e03c48e1b1b609080.jpg,-37.785503,145.053357,crack,0.9
423,2025-09-02 04:35:22,Dataset/cracks/6638e0ca1uc6b1cc44e5fea652b38a4f_JPG.rf.1e59a312ebdd95f4204e98c7a2edce4e.jpg,-37.76096,145.054565,crack,0.9
424,2025-10-19 02:18:19,Dataset/cracks/691fe96c6n836c2ba13d07842b35556f_JPG.rf.3b4b4b2e271f862e715ebd5fae720de9.jpg,-37.739755,144.990635,crack,0.9
425,2025-08-30 01:52:13,Dataset/cracks/6d232686fvaffca48c60886c7301b003_JPG.rf.95802f8ec17206b9e2a8c996b3c62d37.jpg,-37.76565,144.926191,crack,0.9
426,2025-08-23 11:23:50,Dataset/cracks/6e4b1e537v1d8553d4169d94d13b5124_JPG.rf.a59efe3e12c030b8f1add10091b7758a.jpg,-37.76463,145.020993,crack,0.9
427,2025-09-20 10:55:08,Dataset/cracks/70eda3bbah5598bc1be73148646540c9_JPG.rf.c9de7206d570739ecf9f6828b741807d.jpg,-37.731933,144.899194,crack,0.9
428,2025-08-25 15:57:16,Dataset/cracks/7161a1fe9rc30deb56f674c538f2e249_JPG.rf.f748328f363b8b2373ae1ecfb160ab26.jpg,-37.87155,144.889502,crack,0.9
429,2025-09-30 03:29:37,Dataset/cracks/74da0ce1bk72710d79e569333eae71d4_JPG.rf.e46716064f8535042bb8ee3ef42715d6.jpg,-37.838749,145.048235,crack,0.9
430,2025-10-13 13:08:34,Dataset/cracks/770288a66s25a34f72e571f51894ed95_JPG.rf.16d163f6f01d542a418a67898e2f4384.jpg,-37.867958,144.955828,crack,0.9
431,2025-11-16 22:27:52,Dataset/cracks/956b36799k147a83f83237de245163d9_JPG.rf.e00561b4d8fd10a66b36bcb739b53c92.jpg,-37.891802,144.882438,crack,0.9
432,2025-09-09 00:20:54,Dataset/cracks/959460f23q159d14a27377c6916a818f_JPG.rf.c563878568c5bb979f7bfd7aac3ac766.jpg,-37.738216,145.005224,crack,0.9
433,2025-09-24 09:46:49,Dataset/cracks/a22a0f135v4b5771aaeef9c2f5745723_JPG.rf.87224028088f9f1a39501df49033a7ae.jpg,-37.786927,144.941702,crack,0.9
434,2025-11-18 20:47:22,Dataset/cracks/a66f787efh4347223c460a681047dacd_JPG.rf.80a6c99af5fa26da19c0ca13ad72d4ee.jpg,-37.848037,144.950355,crack,0.9
435,2025-10-22 14:46:16,Dataset/cracks/ae9b5a739n0ecc026f3540c3d7ea3c00_JPG.rf.b561cac396d40b416fb4054bed1ceb63.jpg,-37.868277,145.022346,crack,0.9
436,2025-09-03 02:53:41,Dataset/cracks/b59bee6a1lfed68dc9919fc2e037cca8_JPG.rf.a1d530e184ed0ea01cecdebe1679d679.jpg,-37.903566,145.038991,crack,0.9
437,2025-10-04 17:01:24,Dataset/cracks/b777d1cf0k576af8d921b66a85ed6df8_JPG.rf.bd5a7fbecf77b747d98aedfc5862102f.jpg,-37.742766,144.979946,crack,0.9
438,2025-09-20 23:35:03,Dataset/cracks/c85399d1dl1b6985025cbbe9ec26c4d7_JPG.rf.b5fb4265927ff32771b20951d31b46d1.jpg,-37.906091,144.884679,crack,0.9
439,2025-08-23 11:32:58,Dataset/cracks/d13feeed3mb46aa08fe1ef819f0f2044_JPG.rf.1154c3ae22de3e746202d862df7119b1.jpg,-37.86755,144.996475,crack,0.9
440,2025-08-31 23:22:54,Dataset/cracks/d193ce7edte322b33ba3f7495cf005a8_JPG.rf.bc02788294d7958ef630a8525f25c230.jpg,-37.872649,144.962067,crack,0.9
441,2025-10-10 02:26:44,Dataset/cracks/d4e6507a8va70dd16ef261f453a012d5_JPG.rf.e4a00368d0888a2aebb270ba9c25e7d1.jpg,-37.721805,144.886374,crack,0.9
442,2025-10-14 03:41:17,Dataset/cracks/d5857909bp25536479bdc0b5101ce97f_JPG.rf.fdd06e68b5df5430b60a34f542345763.jpg,-37.839464,145.051454,crack,0.9
443,2025-10-02 08:23:54,Dataset/cracks/da2a686ads5406bfae525cb43f0c9153_JPG.rf.6a144c1263625f9a3b99283b1f93aa59.jpg,-37.806691,145.012226,crack,0.9
444,2025-11-11 22:51:23,Dataset/cracks/daf0d422fte35c25eae0061b4d82a4cc_JPG.rf.13752e7acacfe5d413fcd48567477d17.jpg,-37.727766,145.028499,crack,0.9
445,2025-09-01 16:58:54,Dataset/cracks/dbbeb8853uee8f1cbc137e6bc38bdf28_JPG.rf.18ab95b3e22815051ae5148098f69643.jpg,-37.879979,145.060247,crack,0.9
446,2025-10-17 01:22:45,Dataset/cracks/e491cc142k7fa67550ef8c2577e7a973_JPG.rf.06d4437d2554047c4874077667f16b66.jpg,-37.882468,144.997082,crack,0.9
447,2025-09-10 08:13:04,Dataset/cracks/e810de829me787f9f5133f2cb89b17cd_JPG.rf.b76d437ead056237426aad2bd3106e38.jpg,-37.832882,144.968525,crack,0.9
448,2025-09-27 18:32:22,Dataset/cracks/eb21f814dn766a4c6e0e0a7c0e2e46f9_JPG.rf.7480bd615fe34d4347340ef751661aae.jpg,-37.834376,144.950695,crack,0.9
449,2025-10-26 10:03:20,Dataset/cracks/ebfddf5c1r31b6a5bc972dd2a4d2e371_JPG.rf.6572f0c8cf86fa976e309ff34220a85c.jpg,-37.779237,144.984189,crack,0.9
450,2025-09-14 20:06:33,Dataset/cracks/f6a3c67fbtefc0208e73d9e064b72d2e_JPG.rf.c94464f182136f28b9482ba49704eb5d.jpg,-37.814049,145.058841,crack,0.9
451,2025-08-29 08:40:23,Dataset/cracks/f90234443tdcca41d178efdeeb6990f1-1-_JPG.rf.4ff3155d50bf8d21b7ce673fdbd56f0b.jpg,-37.888127,144.889885,crack,0.9
452,2025-09-26 13:26:58,Dataset/cracks/fa7b5dd96t54df7ec46e456d6171e53c-1-_JPG.rf.8ebf84b9eece91c2c23eb47f5c13da9d.jpg,-37.822073,145.047345,crack,0.9
453,2025-11-07 13:06:20,Dataset/cracks/fcf2360deod73a213791c6a327455f28_JPG.rf.7521dd8276e6149c789a2fde14ee14ba.jpg,-37.780484,145.055729,crack,0.9
454,2025-09-15 23:39:07,Dataset/cracks/fe4d1c5aagafde15358e5b4aa4a08faa_JPG.rf.d9ae779242696033de8b6df88f866859.jpg,-37.791017,144.887723,crack,0.9
455,2025-10-20 01:35:59,Dataset/cracks/fea9174ebr28febf364823daefcdc0b4_JPG.rf.ff0af28af72bddefee3433f4795cbc00.jpg,-37.759021,145.056177,crack,0.9
456,2025-08-31 03:11:00,Dataset/cracks/fffb293e8i18e1a218ba16ba59ec4e1e_JPG.rf.f0d9ac10887f8a14b63485f9cfc1f865.jpg,-37.811104,145.018679,crack,0.9
457,2025-10-07 01:54:53,Dataset/pothole/pothole_1110.jpg,-37.774473,144.96225,pothole,0.89
458,2025-10-04 19:32:35,Dataset/pothole/pothole_1133.jpg,-37.746545,144.991817,pothole,0.89
459,2025-11-18 13:15:01,Dataset/pothole/pothole_1136.jpg,-37.766026,144.926671,pothole,0.89
460,2025-08-30 13:33:11,Dataset/pothole/pothole_1180.jpg,-37.838943,144.970317,pothole,0.89
461,2025-11-09 18:39:24,Dataset/pothole/pothole_1297.jpg,-37.849018,144.919715,pothole,0.89
462,2025-10-20 11:29:14,Dataset/pothole/pothole_1380.jpg,-37.851867,144.95309,pothole,0.89
463,2025-10-18 04:14:21,Dataset/pothole/pothole_1430.jpg,-37.753212,145.029601,pothole,0.89
464,2025-11-08 16:00:35,Dataset/pothole/pothole_1504.jpg,-37.715137,144.910927,pothole,0.89
465,2025-11-07 01:54:06,Dataset/pothole/pothole_1518.jpg,-37.722721,144.960774,pothole,0.89
466,2025-10-30 22:38:33,Dataset/pothole/pothole_1612.jpg,-37.790118,144.877131,pothole,0.89
467,2025-11-10 18:46:15,Dataset/pothole/pothole_1620.jpg,-37.718525,145.000628,pothole,0.89
468,2025-10-31 22:15:21,Dataset/pothole/pothole_1766.jpg,-37.727881,144.925553,pothole,0.89
469,2025-09-29 12:16:20,Dataset/pothole/pothole_1809.jpg,-37.861854,145.062386,pothole,0.89
470,2025-09-20 22:32:08,Dataset/pothole/pothole_1814.jpg,-37.830671,145.03474,pothole,0.89
471,2025-10-03 00:56:08,Dataset/pothole/pothole_1854.jpg,-37.903798,145.042836,pothole,0.89
472,2025-10-24 22:36:42,Dataset/pothole/pothole_1903.jpg,-37.85764,144.942988,pothole,0.89
473,2025-09-08 07:19:11,Dataset/pothole/pothole_1942.jpg,-37.842415,144.945701,pothole,0.89
474,2025-08-29 08:56:21,Dataset/pothole/pothole_285.jpg,-37.911871,144.922839,pothole,0.89
475,2025-11-05 01:32:32,Dataset/pothole/pothole_314.jpg,-37.887598,145.05173,pothole,0.89
476,2025-10-07 05:29:48,Dataset/pothole/pothole_325.jpg,-37.749521,144.911468,pothole,0.89
477,2025-11-06 20:49:07,Dataset/pothole/pothole_343.jpg,-37.725446,144.90836,pothole,0.89
478,2025-10-04 10:10:41,Dataset/pothole/pothole_363.jpg,-37.758235,145.055397,pothole,0.89
479,2025-11-12 13:27:30,Dataset/pothole/pothole_407.jpg,-37.722946,144.97873,pothole,0.89
480,2025-10-13 06:12:22,Dataset/pothole/pothole_436.jpg,-37.840869,144.996958,pothole,0.89
481,2025-11-20 12:19:54,Dataset/pothole/pothole_472.jpg,-37.840495,144.97617,pothole,0.89
482,2025-10-16 02:29:38,Dataset/pothole/pothole_606.jpg,-37.772245,145.011091,pothole,0.89
483,2025-10-15 05:04:31,Dataset/pothole/pothole_660.jpg,-37.789233,145.048838,pothole,0.89
484,2025-11-10 21:45:00,Dataset/pothole/pothole_698.jpg,-37.732371,145.052154,pothole,0.89
485,2025-11-07 23:12:25,Dataset/pothole/pothole_717.jpg,-37.850706,144.930342,pothole,0.89
486,2025-09-23 03:18:54,Dataset/pothole/pothole_756.jpg,-37.740405,144.922124,pothole,0.89
487,2025-09-26 02:28:11,Dataset/pothole/pothole_759.jpg,-37.909684,144.894514,pothole,0.89
488,2025-09-05 00:03:03,Dataset/cracks/0320c5851ja73ab5c2b788ca709059ce_JPG.rf.a9e540c34ecb607150eac1baee423a9e.jpg,-37.8908,144.912676,crack,0.89
489,2025-09-07 00:08:06,Dataset/cracks/0577794faqf01d00dde224109f498c49_JPG.rf.b288a64f17700166132645870d1f7b35.jpg,-37.844506,145.027355,crack,0.89
490,2025-08-27 07:03:18,Dataset/cracks/0a715f00cla45b49781453d5a6d4cba1_JPG.rf.0b7d51e4cead61b5b508e3ecc791d528.jpg,-37.759802,144.931229,crack,0.89
491,2025-08-25 19:45:09,Dataset/cracks/0ac976bdaof4123dbba8df90c5f504c2_JPG.rf.185d71beffbcec76e362c89d648cd9f3.jpg,-37.826096,145.038097,crack,0.89
492,2025-09-07 19:56:45,Dataset/cracks/0d0b74cd2t8871c930e0b46da6aac3cd_JPG.rf.2ad4927a5a7d0b3f59b056691d3986d7.jpg,-37.884052,144.94172,crack,0.89
493,2025-10-04 21:35:42,Dataset/cracks/19240a17dtf6cf19f7895ada08ea9e8a_JPG.rf.f83026a47cd893733e01c66ca03d8d28.jpg,-37.801955,145.011517,crack,0.89
494,2025-11-07 09:07:26,Dataset/cracks/28232796ekcaf7f3b0cf4d59b6d6dafb-1-_JPG.rf.77ad155991fb4be4bf46e5c126c9c46e.jpg,-37.857533,144.871648,crack,0.89
495,2025-09-28 08:23:47,Dataset/cracks/2b74962f8k729bd51b207c43ffa86dee_JPG.rf.df44325ce016dc1358e0d038d5a1b524.jpg,-37.869688,144.943528,crack,0.89
496,2025-09-10 01:22:16,Dataset/cracks/32050730fua14870b7d317e1f713634d_JPG.rf.c97055291665333ae480471bde5b8d27.jpg,-37.858624,144.940237,crack,0.89
497,2025-10-11 17:07:04,Dataset/cracks/337dc3ab9tc6b710cd67fee54a016ccd_JPG.rf.550ebff4928f3694ceed4ab31516a7d1.jpg,-37.722287,144.893942,crack,0.89
498,2025-10-21 11:16:07,Dataset/cracks/36a4097acv1bb576333d0ddc8c3bb5d7_JPG.rf.bac583a84da41172c1c9f84dfad00195.jpg,-37.910988,145.021274,crack,0.89
499,2025-11-17 03:16:40,Dataset/cracks/41c61e415lfb45039c2d781593b69c0f_JPG.rf.6076a9b3234f4da0a414fb574e7d738f.jpg,-37.720271,144.989219,crack,0.89
500,2025-10-22 23:03:36,Dataset/cracks/42b7bd4f8mdbd69d8ac3909a53c4a89b-1-_JPG.rf.17a1dcd645dc771427c343cd59175400.jpg,-37.888155,144.941575,crack,0.89
501,2025-12-12 03:03:46,static/dashcam_captures\pothole_20251212_030346.jpg,1.3450101,103.9832089,pothole,0.44
502,2025-12-12 03:03:51,static/dashcam_captures\pothole_20251212_030351.jpg,1.3450101,103.9832089,pothole,0.66
503,2025-12-12 03:04:01,static/dashcam_captures\pothole_20251212_030401.jpg,1.3450101,103.9832089,pothole,0.41
504,2025-12-12 03:04:06,static/dashcam_captures\pothole_20251212_030406.jpg,1.3450101,103.9832089,pothole,0.56
505,2025-12-12 03:04:11,static/dashcam_captures\pothole_20251212_030411.jpg,1.3450101,103.9832089,pothole,0.42
506,2025-12-12 03:04:25,static/dashcam_captures\pothole_20251212_030425.jpg,1.36795,103.981,pothole,0.41
507,2025-12-12 03:05:03,static/dashcam_captures\pothole_20251212_030503.jpg,1.36795,103.981,pothole,0.52
508,2025-12-12 03:06:36,static/dashcam_captures\pothole_20251212_030636.jpg,1.36795,103.981,pothole,0.48
509,2025-12-12 03:06:54,static/dashcam_captures\pothole_20251212_030654.jpg,1.36795,103.981,pothole,0.44
510,2025-12-12 03:07:01,static/dashcam_captures\pothole_20251212_030701.jpg,1.36795,103.981,pothole,0.41
511,2025-12-12 03:07:06,static/dashcam_captures\pothole_20251212_030706.jpg,1.36795,103.981,pothole,0.5
512,2025-12-12 03:07:11,static/dashcam_captures\pothole_20251212_030711.jpg,1.36795,103.981,pothole,0.68
513,2025-12-12 03:07:16,static/dashcam_captures\pothole_20251212_030716.jpg,1.36795,103.981,pothole,0.52
514,2025-12-12 03:07:21,static/dashcam_captures\pothole_20251212_030721.jpg,1.36795,103.981,pothole,0.57
515,2025-12-12 03:07:26,static/dashcam_captures\pothole_20251212_030726.jpg,1.36795,103.981,pothole,0.59
516,2025-12-12 03:07:34,static/dashcam_captures\pothole_20251212_030733.jpg,1.36795,103.981,pothole,0.43
517,2025-12-12 03:07:55,static/dashcam_captures\pothole_20251212_030755.jpg,1.36795,103.981,pothole,0.51
518,2025-12-12 03:08:00,static/dashcam_captures\pothole_20251212_030800.jpg,1.36795,103.981,pothole,0.54
519,2025-12-12 03:08:05,static/dashcam_captures\pothole_20251212_030805.jpg,1.36795,103.981,pothole,0.53
520,2025-12-12 03:08:10,static/dashcam_captures\pothole_20251212_030810.jpg,1.36795,103.981,pothole,0.56
521,2025-12-12 03:08:27,static/dashcam_captures\pothole_20251212_030827.jpg,1.36795,103.981,pothole,0.71
522,2025-12-12 03:08:45,static/dashcam_captures\pothole_20251212_030845.jpg,1.36795,103.981,pothole,0.46
523,2025-12-12 03:09:11,static/dashcam_captures\pothole_20251212_030911.jpg,1.36795,103.981,pothole,0.52
524,2025-12-12 03:09:27,static/dashcam_captures\pothole_20251212_030927.jpg,1.36795,103.981,pothole,0.43
525,2025-12-12 03:09:32,static/dashcam_captures\pothole_20251212_030932.jpg,1.36795,103.981,pothole,0.42
526,2025-12-12 03:09:38,static/dashcam_captures\pothole_20251212_030938.jpg,1.36795,103.981,pothole,0.43
527,2025-12-12 03:09:56,static/dashcam_captures\pothole_20251212_030956.jpg,1.36795,103.981,pothole,0.43
528,2025-12-12 03:10:25,static/dashcam_captures\pothole_20251212_031025.jpg,1.36795,103.981,pothole,0.42
529,2025-12-12 03:10:30,static/dashcam_captures\pothole_20251212_031030.jpg,1.36795,103.981,pothole,0.49
530,2025-12-12 03:10:35,static/dashcam_captures\pothole_20251212_031035.jpg,1.36795,103.981,pothole,0.56
531,2025-12-12 03:10:40,static/dashcam_captures\pothole_20251212_031040.jpg,1.36795,103.981,pothole,0.79
532,2025-12-12 03:10:45,static/dashcam_captures\pothole_20251212_031045.jpg,1.36795,103.981,pothole,0.75
533,2025-12-12 03:10:50,static/dashcam_captures\pothole_20251212_031050.jpg,1.36795,103.981,pothole,0.72
534,2025-12-12 03:10:55,static/dashcam_captures\pothole_20251212_031055.jpg,1.36795,103.981,pothole,0.75
535,2025-12-12 03:11:01,static/dashcam_captures\pothole_20251212_031100.jpg,1.36795,103.981,pothole,0.73
536,2025-12-12 03:11:24,static/dashcam_captures\pothole_20251212_031124.jpg,1.36795,103.981,pothole,0.42
537,2025-12-12 03:11:30,static/dashcam_captures\pothole_20251212_031130.jpg,1.2805,103.848,pothole,0.45
538,2025-12-12 03:12:10,static/dashcam_captures\pothole_20251212_031210.jpg,1.2805,103.848,pothole,0.47
